Statement,Header,Field Name,Field Value
Statement,Data,BrokerName,Interactive Brokers LLC
Statement,Data,BrokerAddress,"Two Pickwick Plaza, Greenwich, CT 06830"
Statement,Data,Title,Activity Statement
Statement,Data,Period,"September 1, 2025 - September 30, 2025"
Statement,Data,WhenGenerated,"2025-10-24, 20:17:08 EDT"
Account Information,Header,Field Name,Field Value
Account Information,Data,Name,Nimrod Wald
Account Information,Data,Account,U16011759
Account Information,Data,Account Type,Individual
Account Information,Data,Customer Type,Individual
Account Information,Data,Account Capabilities,Margin
Account Information,Data,Base Currency,EUR
Net Asset Value,Header,Asset Class,Prior Total,Current Long,Current Short,Current Total,Change
Net Asset Value,Data,Cash ,-122953.057457558,179.834367108,-111751.69112735,-111571.856760242,11381.200697316
Net Asset Value,Data,Collateral Value,433.944,32790.8613,0,32790.8613,32356.9173
Net Asset Value,Data,Stock,407020.542219,424274.8223875,0,424274.8223875,17254.2801685
Net Asset Value,Data,Securities Lent,-433.944,0,-32790.8613,-32790.8613,-32356.9173
Net Asset Value,Data,Interest Accruals,-505.6818245,0,-552.3006125,-552.3006125,-46.618788
Net Asset Value,Data,Dividend Accruals,5.3225162,58.49844,0,58.49844,53.1759238
Net Asset Value,Data,Total,283567.125453142,457304.016494608,-145094.85303985,312209.163454758,28642.038001616
Net Asset Value,Header,Time Weighted Rate of Return
Net Asset Value,Data,10.100620076%
Change in NAV,Header,Field Name,Field Value
Change in NAV,Data,Starting Value,283567.125453142
Change in NAV,Data,Mark-to-Market,29230.32915562
Change in NAV,Data,Dividends,28.3001369
Change in NAV,Data,Withholding Tax,-7.0856783
Change in NAV,Data,Change in Dividend Accruals,52.7991733
Change in NAV,Data,Interest,-565.1610645
Change in NAV,Data,Change in Interest Accruals,-44.5945601
Change in NAV,Data,Commissions,-50.90168388
Change in NAV,Data,Other FX Translations,-1.6474774
Change in NAV,Data,Ending Value,312209.163454758
Mark-to-Market Performance Summary,Header,Asset Category,Symbol,Prior Quantity,Current Quantity,Prior Price,Current Price,Mark-to-Market P/L Position,Mark-to-Market P/L Transaction,Mark-to-Market P/L Commissions,Mark-to-Market P/L Other,Mark-to-Market P/L Total,Code
Mark-to-Market Performance Summary,Data,Stocks,500X,800,800,39.3150,40.4850,936,0,0,0,936,
Mark-to-Market Performance Summary,Data,Stocks,5ESG,200,200,75.3100,77.4700,432,0,0,0,432,
Mark-to-Market Performance Summary,Data,Stocks,AAL,250,0,13.3700,--,-329.219625,-72.20255,-3.2839499,0,-404.7061249,
Mark-to-Market Performance Summary,Data,Stocks,ACHR,300,300,8.9500,9.5800,158.64258,0,0,0,158.64258,
Mark-to-Market Performance Summary,Data,Stocks,AFRM,0,0,--,--,-529.16005,86.09918,-1.71275916,0,-444.77362916,
Mark-to-Market Performance Summary,Data,Stocks,ALAB,75,30,182.2000,195.8000,1679.113501,-356.143584,-2.57347186,0,1320.39644514,
Mark-to-Market Performance Summary,Data,Stocks,AMZN,40,20,229.0000,219.5700,-312.478332,134.2742813,-1.70410135,0,-179.90815205,
Mark-to-Market Performance Summary,Data,Stocks,ANAU,1050,1050,17.3720,18.1860,854.7,0,0,0,854.7,
Mark-to-Market Performance Summary,Data,Stocks,ANET,30,30,136.5500,145.7100,82.932846,15.803055,-1.70775718,0,97.02814382,
Mark-to-Market Performance Summary,Data,Stocks,ANX,190,190,228.5000,239.1000,2014,0,0,0,2014,
Mark-to-Market Performance Summary,Data,Stocks,AVGO,20,0,297.3900,--,559.469694,-48.64643,-0.85545446,7.5424125,517.51022204,
Mark-to-Market Performance Summary,Data,Stocks,BAC,0,100,--,51.5900,124.10892,11.11682,-0.85702131,0,134.36871869,
Mark-to-Market Performance Summary,Data,Stocks,BULL,0,200,--,14.7900,135.60566,0,-0.8501342,0,134.7555258,
Mark-to-Market Performance Summary,Data,Stocks,COIN,20,15,304.5400,337.4900,81.471189,78.0568585,-1.71346459,0,157.81458291,
Mark-to-Market Performance Summary,Data,Stocks,CVNA,0,15,--,377.2400,138.320781,11.467917,-0.85930348,0,148.92939452,
Mark-to-Market Performance Summary,Data,Stocks,FLXI,5,5,36.9150,36.8800,-0.18,0,0,0,-0.18,
Mark-to-Market Performance Summary,Data,Stocks,GOOGL,50,50,212.9100,243.1000,1291.806205,0,0,6.6915462,1298.4977512,
Mark-to-Market Performance Summary,Data,Stocks,GRNY,700,700,23.3500,24.9900,978.12547,0,0,0,978.12547,
Mark-to-Market Performance Summary,Data,Stocks,HOOD,0,30,--,143.1800,0,43.46475,-0.85281248,0,42.61193752,
Mark-to-Market Performance Summary,Data,Stocks,IBIT,400,400,61.4400,65.0000,1214.78496,0,0,0,1214.78496,
Mark-to-Market Performance Summary,Data,Stocks,IREN,400,150,26.4800,46.9300,3875.921655,-49.7926225,-1.75385553,0,3824.37517697,
Mark-to-Market Performance Summary,Data,Stocks,MARA,200,200,15.9800,18.2600,-634.94814,32.71388,-5.22159111,0,-607.45585111,
Mark-to-Market Performance Summary,Data,Stocks,META,5,5,738.7000,734.3800,-18.69341,0,0,1.6798781,-17.0135319,
Mark-to-Market Performance Summary,Data,Stocks,MSFT,10,10,506.6900,517.9500,-23.40834,-33.031598,-1.69783231,5.3006218,-52.83714851,
Mark-to-Market Performance Summary,Data,Stocks,MSTR,0,10,--,322.2100,-599.2946425,160.946283,-2.56420594,0,-440.91256544,
Mark-to-Market Performance Summary,Data,Stocks,NET,20,20,208.7100,214.5900,101.967,0,0,0,101.967,
Mark-to-Market Performance Summary,Data,Stocks,NNE,100,150,32.5400,38.5600,1360.75962,-554.8652314,-5.19115295,0,800.70323565,
Mark-to-Market Performance Summary,Data,Stocks,NVDA,50,25,174.1800,186.5800,191.961735,-62.27895,-0.86316477,0,128.81962023,
Mark-to-Market Performance Summary,Data,Stocks,OKLO,100,50,73.6400,111.6300,3868.3345,-17.1227475,-2.576226,0,3848.6355265,
Mark-to-Market Performance Summary,Data,Stocks,OPEN,0,500,--,7.9700,-371.636885,-212.58996,-8.20218766,0,-592.42903266,
Mark-to-Market Performance Summary,Data,Stocks,PANW,0,20,--,203.6200,-5.7953,9.550576,-0.8531052,0,2.9021708,
Mark-to-Market Performance Summary,Data,Stocks,PONY,400,200,14.3700,22.4900,2759.16324,-46.0215,-0.8842946,0,2712.2574454,
Mark-to-Market Performance Summary,Data,Stocks,QQQ,50,50,570.4000,600.3700,1277.205415,0,0,0,1277.205415,
Mark-to-Market Performance Summary,Data,Stocks,SC0K,40,40,102.5600,104.6600,84,0,0,0,84,
Mark-to-Market Performance Summary,Data,Stocks,SOUN,250,300,13.0200,16.0800,916.793615,3.30209,-4.12383784,0,915.97186716,
Mark-to-Market Performance Summary,Data,Stocks,SP5,370,370,56.8720,58.5140,607.54,0,0,0,607.54,
Mark-to-Market Performance Summary,Data,Stocks,SP5C,75,75,398.1000,409.4500,851.25,0,0,0,851.25,
Mark-to-Market Performance Summary,Data,Stocks,SPY5,25,25,551.8800,565.9600,352,0,0,0,352,
Mark-to-Market Performance Summary,Data,Stocks,SPYL,2000,2000,13.5235,13.9040,761,0,0,0,761,
Mark-to-Market Performance Summary,Data,Stocks,TETH,1000,1000,21.6900,20.8000,-757.5125,0,0,0,-757.5125,
Mark-to-Market Performance Summary,Data,Stocks,TSLA,60,60,333.8700,444.7200,5659.50528,0,0,0,5659.50528,
Mark-to-Market Performance Summary,Data,Stocks,WEBG,725,725,11.0200,11.3500,239.25,0,0,0,239.25,
Mark-to-Market Performance Summary,Data,Stocks,WELL,250,250,19.9680,21.2200,313,0,0,0,313,
Mark-to-Market Performance Summary,Data,Total,,,,,,30318.4066415,-865.8994826,-50.90168388,21.2144586,29422.81993362,
Mark-to-Market Performance Summary,Data,Forex,EUR,179.454325,179.834325,1.0000,1.0000,0,0,0,0,0,
Mark-to-Market Performance Summary,Data,Forex,ILS,0.00016345,0.00016345,0.25602,0.25762,0.00000026,0,0,0,0.00000026,
Mark-to-Market Performance Summary,Data,Forex,USD,-143895.141840582,-131125.480935582,0.85571,0.85225,-222.17800354,0,0,0,-222.17800354,
Mark-to-Market Performance Summary,Data,Total,,,,,,-222.17800328,0,0,0,-222.17800328,
Mark-to-Market Performance Summary,Data,Total (All Assets),,,,,,30096.22863822,-865.8994826,-50.90168388,21.2144586,29200.64193034,
Mark-to-Market Performance Summary,Data,Broker Interest Paid and Received,,,,,,,,,,-565.1610645,
Total P/L for Statement Period,,,,,,,,,,,,28635.48086584,
Realized & Unrealized Performance Summary,Header,Asset Category,Symbol,Cost Adj.,Realized S/T Profit,Realized S/T Loss,Realized L/T Profit,Realized L/T Loss,Realized Total,Unrealized S/T Profit,Unrealized S/T Loss,Unrealized L/T Profit,Unrealized L/T Loss,Unrealized Total,Total,Code
Realized & Unrealized Performance Summary,Data,Stocks,500X,0,0,0,0,0,0,1710.18468,-105.375,0,0,1604.80968,1604.80968,
Realized & Unrealized Performance Summary,Data,Stocks,5ESG,0,0,0,0,0,0,784.923265,0,0,0,784.923265,784.923265,
Realized & Unrealized Performance Summary,Data,Stocks,AAL,0,0,-396.95900149,0,0,-396.95900149,0,0,0,0,0,-396.95900149,
Realized & Unrealized Performance Summary,Data,Stocks,ACHR,0,0,0,0,0,0,0,-185.36999985,0,0,-185.36999985,-185.36999985,
Realized & Unrealized Performance Summary,Data,Stocks,AFRM,0,0,-449.19752091,0,0,-449.19752091,0,0,0,0,0,-449.19752091,
Realized & Unrealized Performance Summary,Data,Stocks,ALAB,0,6425.41138963,0,0,0,6425.41138963,0,-5.966312485,0,0,-5.966312485,6419.445077145,
Realized & Unrealized Performance Summary,Data,Stocks,AMZN,0,137.22573209,-47.78273076,0,0,89.44300133,0,-72.527071575,0,0,-72.527071575,16.915929755,
Realized & Unrealized Performance Summary,Data,Stocks,ANAU,0,0,0,0,0,0,1701.3528,0,0,0,1701.3528,1701.3528,
Realized & Unrealized Performance Summary,Data,Stocks,ANET,0,961.53779125,0,0,0,961.53779125,27.527112515,0,0,0,27.527112515,989.064903765,
Realized & Unrealized Performance Summary,Data,Stocks,ANX,0,0,0,0,0,0,4275.166115,0,0,0,4275.166115,4275.166115,
Realized & Unrealized Performance Summary,Data,Stocks,AVGO,0,1362.50513147,0,0,0,1362.50513147,0,0,0,0,0,1362.50513147,
Realized & Unrealized Performance Summary,Data,Stocks,BAC,0,0,0,0,0,0,134.65362505,0,0,0,134.65362505,134.65362505,
Realized & Unrealized Performance Summary,Data,Stocks,BULL,0,0,0,0,0,0,133.7995001,0,0,0,133.7995001,133.7995001,
Realized & Unrealized Performance Summary,Data,Stocks,CETH,0,0,0,0,0,0,6449.36352375,0,0,0,6449.36352375,6449.36352375,
Realized & Unrealized Performance Summary,Data,Stocks,COIN,0,608.7171671,-100.55487918,0,0,508.16228792,107.681506257,0,0,0,107.681506257,615.843794177,
Realized & Unrealized Performance Summary,Data,Stocks,CVNA,0,0,0,0,0,0,149.228693757,0,0,0,149.228693757,149.228693757,
Realized & Unrealized Performance Summary,Data,Stocks,FLXI,0,0,0,0,0,0,0,-32.875425,0,0,-32.875425,-32.875425,
Realized & Unrealized Performance Summary,Data,Stocks,GOOGL,0,0,0,0,0,0,3107.173983567,0,0,0,3107.173983567,3107.173983567,
Realized & Unrealized Performance Summary,Data,Stocks,GRNY,0,0,0,0,0,0,3795.559719875,0,0,0,3795.559719875,3795.559719875,
Realized & Unrealized Performance Summary,Data,Stocks,HOOD,0,0,0,0,0,0,42.611937515,0,0,0,42.611937515,42.611937515,
Realized & Unrealized Performance Summary,Data,Stocks,IBIT,0,0,0,0,0,0,5079.510124887,0,0,0,5079.510124887,5079.510124887,
Realized & Unrealized Performance Summary,Data,Stocks,IREN,0,3391.71619945,0,0,0,3391.71619945,3912.308625806,0,0,0,3912.308625806,7304.024825256,
Realized & Unrealized Performance Summary,Data,Stocks,MARA,0,0,-536.17698051,0,0,-536.17698051,9.3710001,0,0,0,9.3710001,-526.80598041,
Realized & Unrealized Performance Summary,Data,Stocks,META,0,0,0,0,0,0,0,-114.286818747,0,0,-114.286818747,-114.286818747,
Realized & Unrealized Performance Summary,Data,Stocks,MSFT,0,571.68648791,0,0,0,571.68648791,41.589612505,0,0,0,41.589612505,613.276100415,
Realized & Unrealized Performance Summary,Data,Stocks,MSTR,0,0,-462.30683927,0,0,-462.30683927,17.982287505,0,0,0,17.982287505,-444.324551765,
Realized & Unrealized Performance Summary,Data,Stocks,NET,0,0,0,0,0,0,154.08642501,0,0,0,154.08642501,154.08642501,
Realized & Unrealized Performance Summary,Data,Stocks,NNE,0,1005.40202452,-341.90842893,0,0,663.49359559,0,-12.360437425,0,0,-12.360437425,651.133158165,
Realized & Unrealized Performance Summary,Data,Stocks,NVDA,0,1071.75140659,0,0,0,1071.75140659,1356.610748885,0,0,0,1356.610748885,2428.362155475,
Realized & Unrealized Performance Summary,Data,Stocks,OKLO,0,2237.53266995,-177.1182641,0,0,2060.41440585,1813.587062525,0,0,0,1813.587062525,3874.001468375,
Realized & Unrealized Performance Summary,Data,Stocks,OPEN,0,0,-515.37073844,0,0,-515.37073844,0,-78.84249975,0,0,-78.84249975,-594.21323819,
Realized & Unrealized Performance Summary,Data,Stocks,PANW,0,0,0,0,0,0,2.89727501,0,0,0,2.89727501,2.89727501,
Realized & Unrealized Performance Summary,Data,Stocks,PONY,0,1430.0397055,0,0,0,1430.0397055,1446.2645001,0,0,0,1446.2645001,2876.3042056,
Realized & Unrealized Performance Summary,Data,Stocks,QQQ,0,0,0,0,0,0,6163.470508562,0,0,0,6163.470508562,6163.470508562,
Realized & Unrealized Performance Summary,Data,Stocks,SC0K,0,0,0,0,0,0,0,-262,0,0,-262,-262,
Realized & Unrealized Performance Summary,Data,Stocks,SOUN,0,921.41832413,0,0,0,921.41832413,95.87250015,0,0,0,95.87250015,1017.29082428,
Realized & Unrealized Performance Summary,Data,Stocks,SP5,0,0,0,0,0,0,1598.147,0,0,0,1598.147,1598.147,
Realized & Unrealized Performance Summary,Data,Stocks,SP5C,0,0,0,0,0,0,2090.44596,0,0,0,2090.44596,2090.44596,
Realized & Unrealized Performance Summary,Data,Stocks,SPY5,0,0,0,0,0,0,750.065528,0,0,0,750.065528,750.065528,
Realized & Unrealized Performance Summary,Data,Stocks,SPYL,0,0,0,0,0,0,320.976125,-33.7224,0,0,287.253725,287.253725,
Realized & Unrealized Performance Summary,Data,Stocks,TSLA,0,0,0,0,0,0,5027.130841591,0,0,0,5027.130841591,5027.130841591,
Realized & Unrealized Performance Summary,Data,Stocks,WEBG,0,0,0,0,0,0,741.63405,0,0,0,741.63405,741.63405,
Realized & Unrealized Performance Summary,Data,Stocks,WELL,0,0,0,0,0,0,722.5,0,0,0,722.5,722.5,
Realized & Unrealized Performance Summary,Data,Total,,0,20124.94402959,-3027.37538359,0,0,17097.568646,53763.676638024,-903.325964832,0,0,52860.350673192,69957.919319192,
Realized & Unrealized Performance Summary,Data,Forex,USD,0,774.453799,-23.779387,0,0,750.674412,321.599939108,-188.568522,0,0,133.031417108,883.705829108,
Realized & Unrealized Performance Summary,Data,Total,,0,774.453799,-23.779387,0,0,750.674412,321.599942108,-188.568522,0,0,133.031420108,883.705832108,
Realized & Unrealized Performance Summary,Data,Total (All Assets),,0,20899.39782859,-3051.15477059,0,0,17848.243058,54085.276580132,-1091.894486832,0,0,52993.3820933,70841.6251513,
Cash Report,Header,Currency Summary,Currency,Total,Securities,Futures,
Cash Report,Data,Starting Cash,Base Currency Summary,-122953.057457558,-122953.057457558,0,
Cash Report,Data,Commissions,Base Currency Summary,-50.90168388,-50.90168388,0,
Cash Report,Data,Dividends,Base Currency Summary,28.3001369,28.3001369,0,
Cash Report,Data,Broker Interest Paid and Received,Base Currency Summary,-565.1610645,-565.1610645,0,
Cash Report,Data,Trades (Sales),Base Currency Summary,100678.8611664,100678.8611664,0,
Cash Report,Data,Trades (Purchase),Base Currency Summary,-89003.095417,-89003.095417,0,
Cash Report,Data,Withholding Tax,Base Currency Summary,-7.0856783,-7.0856783,0,
Cash Report,Data,Cash FX Translation Gain/Loss,Base Currency Summary,300.28323772,300.28323772,0,
Cash Report,Data,Ending Cash,Base Currency Summary,-111571.856760242,-111571.856760242,0,
Cash Report,Data,Ending Settled Cash,Base Currency Summary,-111770.192380242,-111770.192380242,0,
Cash Report,Data,Starting Collateral Value,Base Currency Summary,433.944,433.944,0,
Cash Report,Data,Net Securities Lent Activity,Base Currency Summary,32369.0123,32369.0123,0,
Cash Report,Data,Ending Collateral Value,Base Currency Summary,32790.8613,32790.8613,0,
Cash Report,Data,Net Cash Balance,Base Currency Summary,32790.8613,32790.8613,0,
Cash Report,Data,Net Settled Cash Balance,Base Currency Summary,-78979.331080242,-78979.331080242,0,
Cash Report,Data,Starting Cash,EUR,179.454325,179.454325,0,
Cash Report,Data,Broker Interest Paid and Received,EUR,0.38,0.38,0,
Cash Report,Data,Ending Cash,EUR,179.834325,179.834325,0,
Cash Report,Data,Ending Settled Cash,EUR,179.834325,179.834325,0,
Cash Report,Data,Starting Collateral Value,EUR,433.944,433.944,0,
Cash Report,Data,Net Securities Lent Activity,EUR,32356.9173,32356.9173,0,
Cash Report,Data,Ending Collateral Value,EUR,32790.8613,32790.8613,0,
Cash Report,Data,Net Cash Balance,EUR,32970.695625,32970.695625,0,
Cash Report,Data,Net Settled Cash Balance,EUR,32970.695625,32970.695625,0,
Cash Report,Data,Starting Cash,USD,-143895.141840582,-143895.141840582,0,
Cash Report,Data,Commissions,USD,-59.699095,-59.699095,0,
Cash Report,Data,Dividends,USD,33.23,33.23,0,
Cash Report,Data,Broker Interest Paid and Received,USD,-658.87,-658.87,0,
Cash Report,Data,Trades (Sales),USD,117925.22,117925.22,0,
Cash Report,Data,Trades (Purchase),USD,-104461.9,-104461.9,0,
Cash Report,Data,Withholding Tax,USD,-8.32,-8.32,0,
Cash Report,Data,Ending Cash,USD,-131125.480935582,-131125.480935582,0,
Cash Report,Data,Ending Settled Cash,USD,-131358.200935582,-131358.200935582,0,
Open Positions,Header,DataDiscriminator,Asset Category,Currency,Symbol,Quantity,Mult,Cost Price,Cost Basis,Close Price,Value,Unrealized P/L,Code
Open Positions,Data,Summary,Stocks,EUR,500X,800,1,38.4789879,30783.19032,40.485,32388,1604.80968,
Open Positions,Data,Summary,Stocks,EUR,5ESG,200,1,73.545383675,14709.076735,77.47,15494,784.923265,
Open Positions,Data,Summary,Stocks,EUR,ANAU,1050,1,16.565664,17393.9472,18.186,19095.3,1701.3528,
Open Positions,Data,Summary,Stocks,EUR,ANX,190,1,216.599125711,41153.833885,239.1,45429,4275.166115,
Open Positions,Data,Summary,Stocks,EUR,FLXI,5,1,43.455085,217.275425,36.88,184.4,-32.875425,
Open Positions,Data,Summary,Stocks,EUR,SC0K,40,1,111.21,4448.4,104.66,4186.4,-262,
Open Positions,Data,Summary,Stocks,EUR,SP5,370,1,54.194683784,20052.033,58.514,21650.18,1598.147,
Open Positions,Data,Summary,Stocks,EUR,SP5C,75,1,381.5773872,28618.30404,409.45,30708.75,2090.44596,
Open Positions,Data,Summary,Stocks,EUR,SPY5,25,1,535.95737888,13398.934472,565.96,14149,750.065528,
Open Positions,Data,Summary,Stocks,EUR,SPYL,2000,1,13.760373137,27520.746275,13.904,27808,287.253725,
Open Positions,Data,Summary,Stocks,EUR,WEBG,725,1,10.327056483,7487.11595,11.35,8228.75,741.63405,
Open Positions,Data,Summary,Stocks,EUR,WELL,250,1,18.33,4582.5,21.22,5305,722.5,
Open Positions,Total,,Stocks,EUR,,,,,210365.357302,,224626.78,14261.422698,
Open Positions,Data,Summary,Stocks,USD,ACHR,300,1,10.305022,3091.5066,9.58,2874,-217.5066,
Open Positions,Data,Summary,Stocks,USD,ALAB,30,1,196.033355333,5881.00066,195.8,5874,-7.00066,
Open Positions,Data,Summary,Stocks,USD,AMZN,20,1,223.825035,4476.5007,219.57,4391.4,-85.1007,
Open Positions,Data,Summary,Stocks,USD,ANET,30,1,144.633355333,4339.00066,145.71,4371.3,32.29934,
Open Positions,Data,Summary,Stocks,USD,BAC,100,1,50.010022,5001.0022,51.59,5159,157.9978,
Open Positions,Data,Summary,Stocks,USD,BULL,200,1,14.005022,2801.0044,14.79,2958,156.9956,
Open Positions,Data,Summary,Stocks,USD,COIN,15,1,329.066688667,4936.00033,337.49,5062.35,126.34967,
Open Positions,Data,Summary,Stocks,USD,CVNA,15,1,365.566688667,5483.50033,377.24,5658.6,175.09967,
Open Positions,Data,Summary,Stocks,USD,GOOGL,50,1,170.1830394,8509.15197,243.1,12155,3645.84803,
Open Positions,Data,Summary,Stocks,USD,GRNY,700,1,18.627749286,13039.4245,24.99,17493,4453.5755,
Open Positions,Data,Summary,Stocks,USD,HOOD,30,1,141.513355333,4245.40066,143.18,4295.4,49.99934,
Open Positions,Data,Summary,Stocks,USD,IBIT,400,1,50.099706292,20039.882517,65,26000,5960.117483,
Open Positions,Data,Summary,Stocks,USD,IREN,150,1,16.326236427,2448.935464,46.93,7039.5,4590.564536,
Open Positions,Data,Summary,Stocks,USD,MARA,200,1,18.205022,3641.0044,18.26,3652,10.9956,
Open Positions,Data,Summary,Stocks,USD,META,5,1,761.200022,3806.00011,734.38,3671.9,-134.10011,
Open Positions,Data,Summary,Stocks,USD,MSFT,10,1,513.070022,5130.70022,517.95,5179.5,48.79978,
Open Positions,Data,Summary,Stocks,USD,MSTR,10,1,320.100022,3201.00022,322.21,3222.1,21.09978,
Open Positions,Data,Summary,Stocks,USD,NET,20,1,205.550022,4111.00044,214.59,4291.8,180.79956,
Open Positions,Data,Summary,Stocks,USD,NNE,150,1,38.656688667,5798.5033,38.56,5784,-14.5033,
Open Positions,Data,Summary,Stocks,USD,NVDA,25,1,122.9080376,3072.70094,186.58,4664.5,1591.79906,
Open Positions,Data,Summary,Stocks,USD,OKLO,50,1,69.070022,3453.5011,111.63,5581.5,2127.9989,
Open Positions,Data,Summary,Stocks,USD,OPEN,500,1,8.155022,4077.511,7.97,3985,-92.511,
Open Positions,Data,Summary,Stocks,USD,PANW,20,1,203.450022,4069.00044,203.62,4072.4,3.39956,
Open Positions,Data,Summary,Stocks,USD,PONY,200,1,14.005022,2801.0044,22.49,4498,1696.9956,
Open Positions,Data,Summary,Stocks,USD,QQQ,50,1,455.730035,22786.50175,600.37,30018.5,7231.99825,
Open Positions,Data,Summary,Stocks,USD,SOUN,300,1,15.705022,4711.5066,16.08,4824,112.4934,
Open Positions,Data,Summary,Stocks,USD,TETH,1000,1,13.232545,13232.545,20.8,20800,7567.455,
Open Positions,Data,Summary,Stocks,USD,TSLA,60,1,346.409041917,20784.542515,444.72,26683.2,5898.657485,
Open Positions,Total,,Stocks,USD,,,,,188969.333426,,234259.95,45290.616574,
Open Positions,Total,,Stocks,EUR,,,,,161049.114412308,,199648.0423875,38598.927975192,
Open Positions,Total,,Stocks,EUR,,,,,371414.471714308,,424274.8223875,52860.350673192,
Forex Balances,Header,Asset Category,Currency,Description,Quantity,Cost Price,Cost Basis in EUR,Close Price,Value in EUR,Unrealized P/L in EUR,Code
Forex Balances,Data,Forex,EUR,EUR,179.834325,0,-179.834325,1,179.834325,0,
Forex Balances,Data,Forex,EUR,USD,-131125.480936,0.853264535,111884.722538108,0.85225,-111751.691121,133.031417108,
Forex Balances,Data,Total,,,,,111704.888174108,,-111571.856754,133.031420108,
Net Stock Position Summary,Header,Asset Category,Currency,Symbol,Description,Shares at IB,Shares Borrowed,Shares Lent,Net Shares
Net Stock Position Summary,Data,Stocks,EUR,500X,SPDR S&P 500 LDRS UC ETF-USD,800,0,-771,29
Net Stock Position Summary,Data,Stocks,EUR,5ESG,IVZ S&P 500 SCRD & SCRND-ACC,200,0,0,200
Net Stock Position Summary,Data,Stocks,EUR,ANAU,AXA IM NASDAQ 100 UCITS ETF,1050,0,0,1050
Net Stock Position Summary,Data,Stocks,EUR,ANX,AM NASDAQ-100 SP ETF EUR ACC,190,0,0,190
Net Stock Position Summary,Data,Stocks,EUR,FLXI,FRK FTSE INDIA UCITS ETF,5,0,0,5
Net Stock Position Summary,Data,Stocks,EUR,SC0K,INVESCO RUSSELL 2000,40,0,0,40
Net Stock Position Summary,Data,Stocks,EUR,SP5,AM CR SP 500 SP ETF EUR DIST,370,0,0,370
Net Stock Position Summary,Data,Stocks,EUR,SP5C,AM CORE S&P 500 SWAP ETF ACC,75,0,0,75
Net Stock Position Summary,Data,Stocks,EUR,SPY5,SPDR S&P 500 UCITS ETF DIST,25,0,0,25
Net Stock Position Summary,Data,Stocks,EUR,SPYL,SPDR S&P 500 UCITS ETF ACC,2000,0,0,2000
Net Stock Position Summary,Data,Stocks,EUR,WEBG,AMUNDI PRIME ALL CNTRY WRLD,725,0,0,725
Net Stock Position Summary,Data,Stocks,EUR,WELL,AM S&P W INFORMATIO SCR D,250,0,0,250
Net Stock Position Summary,Data,Stocks,USD,ACHR,ARCHER AVIATION INC-A,300,0,0,300
Net Stock Position Summary,Data,Stocks,USD,ALAB,ASTERA LABS INC,30,0,0,30
Net Stock Position Summary,Data,Stocks,USD,AMZN,AMAZON.COM INC,20,0,0,20
Net Stock Position Summary,Data,Stocks,USD,ANET,ARISTA NETWORKS INC,30,0,0,30
Net Stock Position Summary,Data,Stocks,USD,BAC,BANK OF AMERICA CORP,100,0,0,100
Net Stock Position Summary,Data,Stocks,USD,BULL,WEBULL CORP,200,0,0,200
Net Stock Position Summary,Data,Stocks,USD,COIN,COINBASE GLOBAL INC -CLASS A,15,0,0,15
Net Stock Position Summary,Data,Stocks,USD,CVNA,CARVANA CO,15,0,0,15
Net Stock Position Summary,Data,Stocks,USD,GOOGL,ALPHABET INC-CL A,50,0,0,50
Net Stock Position Summary,Data,Stocks,USD,GRNY,FNDSTRT GRNNY SHOTS US LRG,700,0,0,700
Net Stock Position Summary,Data,Stocks,USD,HOOD,ROBINHOOD MARKETS INC - A,30,0,0,30
Net Stock Position Summary,Data,Stocks,USD,IBIT,ISHARES BITCOIN TRUST ETF,400,0,0,400
Net Stock Position Summary,Data,Stocks,USD,IREN,IREN LTD,150,0,0,150
Net Stock Position Summary,Data,Stocks,USD,MARA,MARA HOLDINGS INC,200,0,0,200
Net Stock Position Summary,Data,Stocks,USD,META,META PLATFORMS INC-CLASS A,5,0,0,5
Net Stock Position Summary,Data,Stocks,USD,MSFT,MICROSOFT CORP,10,0,0,10
Net Stock Position Summary,Data,Stocks,USD,MSTR,STRATEGY INC,10,0,0,10
Net Stock Position Summary,Data,Stocks,USD,NET,CLOUDFLARE INC - CLASS A,20,0,0,20
Net Stock Position Summary,Data,Stocks,USD,NNE,NANO NUCLEAR ENERGY INC,150,0,0,150
Net Stock Position Summary,Data,Stocks,USD,NVDA,NVIDIA CORP,25,0,0,25
Net Stock Position Summary,Data,Stocks,USD,OKLO,OKLO INC,50,0,0,50
Net Stock Position Summary,Data,Stocks,USD,OPEN,OPENDOOR TECHNOLOGIES INC,500,0,0,500
Net Stock Position Summary,Data,Stocks,USD,PANW,PALO ALTO NETWORKS INC,20,0,0,20
Net Stock Position Summary,Data,Stocks,USD,PONY,PONY AI INC,200,0,0,200
Net Stock Position Summary,Data,Stocks,USD,QQQ,INVESCO QQQ TRUST SERIES 1,50,0,0,50
Net Stock Position Summary,Data,Stocks,USD,SOUN,SOUNDHOUND AI INC-A,300,0,0,300
Net Stock Position Summary,Data,Stocks,USD,TETH,21SHARES ETHEREUM ETF,1000,0,0,1000
Net Stock Position Summary,Data,Stocks,USD,TSLA,TESLA INC,60,0,0,60
Trades,Header,DataDiscriminator,Asset Category,Currency,Symbol,Date/Time,Quantity,T. Price,C. Price,Proceeds,Comm/Fee,Basis,Realized P/L,MTM P/L,Code
Trades,Data,Order,Stocks,USD,AAL,"2025-09-03, 09:35:18",250,13.6,13.44,-3400,-1.2555,3401.2555,0,-40,O
Trades,Data,Order,Stocks,USD,AAL,"2025-09-04, 15:50:53",-250,12.865,12.86,3216.25,-1.29825,-3401.2555,-186.30375,1.25,C;LI
Trades,Data,Order,Stocks,USD,AAL,"2025-09-16, 10:26:39",-250,12.225,12.41,3056.25,-1.297,-3336.2555,-281.3025,-46.25,C;LI
Trades,SubTotal,,Stocks,USD,AAL,,-250,,,2872.5,-3.85075,-3336.2555,-467.60625,-85,
Trades,Data,Order,Stocks,USD,AFRM,"2025-09-17, 09:39:03",50,89.5,90.4,-4475,-1.0011,4476.0011,0,45,O
Trades,Data,Order,Stocks,USD,AFRM,"2025-09-25, 09:30:18",-50,79.06,77.94,3953,-1.0094,-4476.0011,-524.0105,56,C;LI
Trades,SubTotal,,Stocks,USD,AFRM,,0,,,-522,-2.0105,0,-524.0105,101,
Trades,Data,Order,Stocks,USD,ALAB,"2025-09-23, 09:49:46",-25,222.69,230.11,5567.25,-1.0047,-2838.250675,2727.994625,-185.5,C;LI
Trades,Data,Order,Stocks,USD,ALAB,"2025-09-25, 09:30:18",-50,193.21,200.64,9660.5,-1.0094,-4857.5011,4801.9895,-371.5,C;LI
Trades,Data,Order,Stocks,USD,ALAB,"2025-09-25, 10:01:17",30,196,200.64,-5880,-1.00066,5881.00066,0,139.2,O
Trades,SubTotal,,Stocks,USD,ALAB,,-45,,,9347.75,-3.01476,-1814.751115,7529.984125,-417.8,
Trades,Data,Order,Stocks,USD,AMZN,"2025-09-23, 09:31:23",-30,225.504333333,220.71,6765.13,-1.00564,-6658.450985,105.673375,143.83,C;LI;P
Trades,Data,Order,Stocks,USD,AMZN,"2025-09-29, 11:24:45",10,220.7,222.17,-2207,-1.00022,2208.00022,0,14.7,O
Trades,SubTotal,,Stocks,USD,AMZN,,-20,,,4558.13,-2.00586,-4450.450765,105.673375,158.53,
Trades,Data,Order,Stocks,USD,ANET,"2025-09-12, 15:47:23",-30,139.18,139.39,4175.4,-1.00564,-3046.00105,1128.39331,-6.3,C;LI
Trades,Data,Order,Stocks,USD,ANET,"2025-09-15, 14:11:54",30,144.6,145.43,-4338,-1.00066,4339.00066,0,24.9,O
Trades,SubTotal,,Stocks,USD,ANET,,0,,,-162.6,-2.0063,1292.99961,1128.39331,18.6,
Trades,Data,Order,Stocks,USD,AVGO,"2025-09-30, 09:50:51",-20,327.056,329.91,6541.12,-1.00376,-4941.40092,1598.71532,-57.08,C;LI
Trades,SubTotal,,Stocks,USD,AVGO,,-20,,,6541.12,-1.00376,-4941.40092,1598.71532,-57.08,
Trades,Data,Order,Stocks,USD,BAC,"2025-09-10, 11:11:24",100,50,50.13,-5000,-1.0022,5001.0022,0,13,O
Trades,SubTotal,,Stocks,USD,BAC,,100,,,-5000,-1.0022,5001.0022,0,13,
Trades,Data,Order,Stocks,USD,BULL,"2025-09-23, 09:40:50",200,14,14,-2800,-1.0044,2801.0044,0,0,O
Trades,SubTotal,,Stocks,USD,BULL,,200,,,-2800,-1.0044,2801.0044,0,0,
Trades,Data,Order,Stocks,USD,COIN,"2025-09-25, 09:39:07",-20,307.52,306.69,6150.4,-1.00376,-5556.600505,592.795735,16.6,C;LI
Trades,Data,Order,Stocks,USD,COIN,"2025-09-29, 12:03:29",15,329,333.99,-4935,-1.00033,4936.00033,0,74.85,O;P
Trades,SubTotal,,Stocks,USD,COIN,,-5,,,1215.4,-2.00409,-620.600175,592.795735,91.45,
Trades,Data,Order,Stocks,USD,CVNA,"2025-09-02, 10:21:56",15,365.5,366.39,-5482.5,-1.00033,5483.50033,0,13.35,O
Trades,SubTotal,,Stocks,USD,CVNA,,15,,,-5482.5,-1.00033,5483.50033,0,13.35,
Trades,Data,Order,Stocks,USD,HOOD,"2025-09-30, 14:56:05",30,141.48,143.18,-4244.4,-1.00066,4245.40066,0,51,O
Trades,SubTotal,,Stocks,USD,HOOD,,30,,,-4244.4,-1.00066,4245.40066,0,51,
Trades,Data,Order,Stocks,USD,IREN,"2025-09-04, 11:12:33",-150,26.865,26.13,4029.75,-1.02895,-2450.5033,1578.21775,110.25,C;LI
Trades,Data,Order,Stocks,USD,IREN,"2025-09-26, 10:26:57",-100,40.17,41.86,4017,-1.0188,-1632.320036,2383.661164,-169,C;LI
Trades,SubTotal,,Stocks,USD,IREN,,-250,,,8046.75,-2.04775,-4082.823336,3961.878914,-58.75,
Trades,Data,Order,Stocks,USD,MARA,"2025-09-05, 10:18:51",-200,14.795,15.19,2959,-1.0386,-3101.0044,-143.043,-79,C;LI;P
Trades,Data,Order,Stocks,USD,MARA,"2025-09-17, 14:13:14",200,17.19,17.34,-3438,-1.0044,3439.0044,0,30,O
Trades,Data,Order,Stocks,USD,MARA,"2025-09-23, 09:36:51",200,18.6,17.71,-3720,-1.0044,3721.0044,0,-178,O
Trades,Data,Order,Stocks,USD,MARA,"2025-09-25, 09:30:55",-200,16.935,16.07,3387,-1.0376,-3721.0044,-335.042,173,C;LI
Trades,Data,Order,Stocks,USD,MARA,"2025-09-25, 13:15:29",-200,16.46,16.07,3292,-1.0376,-3439.0044,-148.042,78,C;LI;P
Trades,Data,Order,Stocks,USD,MARA,"2025-09-30, 11:49:18",200,18.2,18.26,-3640,-1.0044,3641.0044,0,12,O
Trades,SubTotal,,Stocks,USD,MARA,,0,,,-1160,-6.127,540,-626.127,36,
Trades,Data,Order,Stocks,USD,MSFT,"2025-09-05, 11:01:42",-10,495.01,495,4950.1,-1.00193,-4279.15035,669.94772,0.1,C;LI
Trades,Data,Order,Stocks,USD,MSFT,"2025-09-16, 09:46:53",10,512.97,509.04,-5129.7,-1.00022,5130.70022,0,-39.3,O
Trades,SubTotal,,Stocks,USD,MSFT,,0,,,-179.6,-2.00215,851.54987,669.94772,-39.2,
Trades,Data,Order,Stocks,USD,MSTR,"2025-09-19, 05:52:24",15,349.02,344.75,-5235.3,-1.00033,5236.30033,0,-64.05,O;P
Trades,Data,Order,Stocks,USD,MSTR,"2025-09-25, 09:30:18",-15,313.2,300.7,4698,-1.00282,-5236.30033,-539.30315,187.5,C;LI;P
Trades,Data,Order,Stocks,USD,MSTR,"2025-09-29, 11:25:50",10,320,326.42,-3200,-1.00022,3201.00022,0,64.2,O
Trades,SubTotal,,Stocks,USD,MSTR,,10,,,-3737.3,-3.00337,3201.00022,-539.30315,187.65,
Trades,Data,Order,Stocks,USD,NNE,"2025-09-02, 09:30:43",-100,30.44,32.61,3044,-1.0193,-3441.0022,-398.0215,-217,C;LI
Trades,Data,Order,Stocks,USD,NNE,"2025-09-03, 09:30:54",100,33.72,32,-3372,-1.0022,3373.0022,0,-172,O
Trades,Data,Order,Stocks,USD,NNE,"2025-09-03, 15:12:40",100,32.8,32,-3280,-1.0022,3281.0022,0,-80,O
Trades,Data,Order,Stocks,USD,NNE,"2025-09-25, 09:30:17",-100,40.3932,41.4,4039.32,-1.0188,-3281.0022,757.299,-100.68,C;LI;P
Trades,Data,Order,Stocks,USD,NNE,"2025-09-30, 09:52:22",-100,37.92,38.56,3792,-1.0188,-3373.0022,417.979,-64,C;LI
Trades,Data,Order,Stocks,USD,NNE,"2025-09-30, 11:11:53",150,38.65,38.56,-5797.5,-1.0033,5798.5033,0,-13.5,O;P
Trades,SubTotal,,Stocks,USD,NNE,,50,,,-1574.18,-6.0646,2357.5011,777.2565,-647.18,
Trades,Data,Order,Stocks,USD,NVDA,"2025-09-02, 11:40:22",-25,167.88,170.78,4197,-1.004825,-2948.350875,1247.6443,-72.5,C;LI
Trades,SubTotal,,Stocks,USD,NVDA,,-25,,,4197,-1.004825,-2948.350875,1247.6443,-72.5,
Trades,Data,Order,Stocks,USD,OKLO,"2025-09-24, 15:50:58",-50,130.57,131.17,6528.5,-1.0094,-3901.0011,2626.4895,-30,C;LI
Trades,Data,Order,Stocks,USD,OKLO,"2025-09-25, 10:03:10",25,117.58,119.13,-2939.5,-1.00055,2940.50055,0,38.75,O
Trades,Data,Order,Stocks,USD,OKLO,"2025-09-26, 11:16:06",-25,109.37,110.53,2734.25,-1.0047,-2940.50055,-207.25525,-29,C;LI
Trades,SubTotal,,Stocks,USD,OKLO,,-50,,,6323.25,-3.01465,-3901.0011,2419.23425,-20.25,
Trades,Data,Order,Stocks,USD,OPEN,"2025-09-12, 10:01:23",200,10.2,9.07,-2040,-1.0044,2041.0044,0,-226,O;P
Trades,Data,Order,Stocks,USD,OPEN,"2025-09-12, 10:43:06",-200,9.535,9.07,1907,-1.0376,-2041.0044,-135.042,93,C;LI;P
Trades,Data,Order,Stocks,USD,OPEN,"2025-09-16, 09:30:02",250,9.7,8.92,-2425,-1.2555,2426.2555,0,-195,O
Trades,Data,Order,Stocks,USD,OPEN,"2025-09-17, 14:01:31",250,10,10.21,-2500,-1.2555,2501.2555,0,52.5,O
Trades,Data,Order,Stocks,USD,OPEN,"2025-09-17, 14:14:13",-250,9.35,10.21,2337.5,-1.297,-2501.2555,-165.0525,-215,C;LI;P
Trades,Data,Order,Stocks,USD,OPEN,"2025-09-22, 15:47:09",-250,8.48,8.38,2120,-1.297,-2426.2555,-307.5525,25,C;LI
Trades,Data,Order,Stocks,USD,OPEN,"2025-09-24, 10:26:13",300,8.05,8.23,-2415,-1.5066,2416.5066,0,54,O
Trades,Data,Order,Stocks,USD,OPEN,"2025-09-25, 10:05:29",200,8.3,9.09,-1660,-1.0044,1661.0044,0,158,O
Trades,SubTotal,,Stocks,USD,OPEN,,500,,,-4675.5,-9.658,4077.511,-607.647,-253.5,
Trades,Data,Order,Stocks,USD,PANW,"2025-09-29, 11:21:09",20,203.4,203.96,-4068,-1.00044,4069.00044,0,11.2,O
Trades,SubTotal,,Stocks,USD,PANW,,20,,,-4068,-1.00044,4069.00044,0,11.2,
Trades,Data,Order,Stocks,USD,PONY,"2025-09-30, 10:20:51",-200,22.22,22.49,4444,-1.0376,-2765.0044,1677.958,-54,C;LI
Trades,SubTotal,,Stocks,USD,PONY,,-200,,,4444,-1.0376,-2765.0044,1677.958,-54,
Trades,Data,Order,Stocks,USD,SOUN,"2025-09-15, 14:55:21",150,14.2,14.19,-2130,-1.0033,2131.0033,0,-1.5,O
Trades,Data,Order,Stocks,USD,SOUN,"2025-09-25, 09:31:49",-150,16.773333333,16.35,2516,-1.0282,-2131.0033,383.9685,63.5,C;LI;P
Trades,Data,Order,Stocks,USD,SOUN,"2025-09-30, 09:41:31",-250,15.39,16.08,3847.5,-1.297,-3151.2555,694.9475,-172.5,C;LI
Trades,Data,Order,Stocks,USD,SOUN,"2025-09-30, 11:07:12",300,15.7,16.08,-4710,-1.5066,4711.5066,0,114,O;P
Trades,SubTotal,,Stocks,USD,SOUN,,50,,,-476.5,-4.8351,1560.2511,1078.916,3.5,
Trades,Total,,Stocks,USD,,,,,,13463.32,-59.699095,6620.082744,20023.703649,-1019.98, 
Trades,Total,,Stocks,EUR,,,,,,11675.7657494,-50.901683905,5472.704580899,17097.568646394,-865.8994826, 
Dividends,Header,Currency,Date,Description,Amount
Dividends,Data,USD,2025-09-11,MSFT(US5949181045) Cash Dividend USD 0.83 per Share (Ordinary Dividend),8.3
Dividends,Data,USD,2025-09-15,GOOGL(US02079K3059) Cash Dividend USD 0.21 per Share (Ordinary Dividend),10.5
Dividends,Data,USD,2025-09-29,META(US30303M1027) Cash Dividend USD 0.525 per Share (Ordinary Dividend),2.63
Dividends,Data,USD,2025-09-30,AVGO(US11135F1012) Cash Dividend USD 0.59 per Share (Ordinary Dividend),11.8
Dividends,Data,Total,,,33.23
Dividends,Data,Total in EUR,,,28.3001369
Withholding Tax,Header,Currency,Date,Description,Amount,Code
Withholding Tax,Data,USD,2025-09-11,MSFT(US5949181045) Cash Dividend USD 0.83 per Share - US Tax,-2.08,
Withholding Tax,Data,USD,2025-09-15,GOOGL(US02079K3059) Cash Dividend USD 0.21 per Share - US Tax,-2.63,
Withholding Tax,Data,USD,2025-09-29,META(US30303M1027) Cash Dividend USD 0.525 per Share - US Tax,-0.66,
Withholding Tax,Data,USD,2025-09-30,AVGO(US11135F1012) Cash Dividend USD 0.59 per Share - US Tax,-2.95,
Withholding Tax,Data,Total,,,-8.32,
Withholding Tax,Data,Total in EUR,,,-7.0856783,
Interest,Header,Currency,Date,Description,Amount
Interest,Data,EUR,2025-09-04,EUR IBKR Managed Securities (SYEP) Interest for Aug-2025,0.38
Interest,Data,Total,,,0.38
Interest,Data,USD,2025-09-04,USD Debit Interest for Aug-2025,-659.02
Interest,Data,USD,2025-09-04,USD IBKR Managed Securities (SYEP) Interest for Aug-2025,0.15
Interest,Data,Total,,,-658.87
Interest,Data,Total in EUR,,,-565.5410645
Interest,Data,Total Interest in EUR,,,-565.1610645
Interest Accruals,Header,Currency,Field Name,Field Value
Interest Accruals,Data,Base Currency Summary,Starting Accrual Balance,-505.6818245
Interest Accruals,Data,Base Currency Summary,Interest Accrued,-609.7556246
Interest Accruals,Data,Base Currency Summary,Accrual Reversal,565.1610645
Interest Accruals,Data,Base Currency Summary,FX Translation,-2.0242279
Interest Accruals,Data,Base Currency Summary,Ending Accrual Balance,-552.3006125
Interest Accruals,Data,EUR,Starting Accrual Balance,0
Interest Accruals,Data,EUR,Interest Accrued,0.38
Interest Accruals,Data,EUR,Accrual Reversal,-0.38
Interest Accruals,Data,EUR,Ending Accrual Balance,0
Interest Accruals,Data,USD,Starting Accrual Balance,-590.95
Interest Accruals,Data,USD,Interest Accrued,-715.97
Interest Accruals,Data,USD,Accrual Reversal,658.87
Interest Accruals,Data,USD,Ending Accrual Balance,-648.05
Interest Accruals,Data,USD,Ending Accrual Balance in EUR,-552.3006125
Change in Dividend Accruals,Header,Asset Category,Currency,Symbol,Date,Ex Date,Pay Date,Quantity,Tax,Fee,Gross Rate,Gross Amount,Net Amount,Code
Change in Dividend Accruals,Data,Starting Dividend Accruals in EUR,,,,,,,,,,,5.3225162,
Change in Dividend Accruals,Data,Stocks,USD,AVGO,2025-09-19,2025-09-22,2025-09-30,20,2.95,0,0.59,11.8,8.85,Po
Change in Dividend Accruals,Data,Stocks,USD,AVGO,2025-09-30,2025-09-22,2025-09-30,20,-2.95,0,0.59,-11.8,-8.85,Re
Change in Dividend Accruals,Data,Stocks,USD,GOOGL,2025-09-05,2025-09-08,2025-09-15,50,2.63,0,0.21,10.5,7.87,Po
Change in Dividend Accruals,Data,Stocks,USD,GOOGL,2025-09-15,2025-09-08,2025-09-15,50,-2.63,0,0.21,-10.5,-7.87,Re
Change in Dividend Accruals,Data,Stocks,USD,META,2025-09-19,2025-09-22,2025-09-29,5,0.66,0,0.525,2.63,1.97,Po
Change in Dividend Accruals,Data,Stocks,USD,META,2025-09-29,2025-09-22,2025-09-29,5,-0.66,0,0.525,-2.63,-1.97,Re
Change in Dividend Accruals,Data,Stocks,USD,MSFT,2025-09-11,2025-08-21,2025-09-11,10,-2.08,0,0.83,-8.3,-6.22,Re
Change in Dividend Accruals,Data,Stocks,USD,NVDA,2025-09-10,2025-09-11,2025-10-02,25,0.06,0,0.01,0.25,0.19,Po
Change in Dividend Accruals,Data,Stocks,USD,QQQ,2025-09-19,2025-09-22,2025-10-31,50,8.68,0,0.69395,34.7,26.02,Po
Change in Dividend Accruals,Data,Stocks,USD,SPY5,2025-09-19,2025-09-22,2025-09-30,25,0,0,1.6973,42.43,42.43,Po
Change in Dividend Accruals,Data,Total,,,,,,,6.66,0,,69.08,62.42,
Change in Dividend Accruals,Data,Total in EUR,,,,,,,5.6138923,0,,58.4130656,52.7991733,
Change in Dividend Accruals,Data,Ending Dividend Accruals in EUR,,,,,,,,,,,58.49844,
Stock Yield Enhancement Program Securities Lent,Header,Asset Category,Currency,Symbol,Transaction ID,Quantity,Interest Rate on Customer Collateral (%),Collateral Amount
Stock Yield Enhancement Program Securities Lent,Data,Stocks,EUR,500X,SLB.111176392,-771,0.81,32790.8613
Stock Yield Enhancement Program Securities Lent,Data,Total,,,,,,32790.8613
Stock Yield Enhancement Program Securities Collateral Held at IBKRSS,Header,Asset Category,Currency,Symbol,Quantity,Price,Value
Stock Yield Enhancement Program Securities Collateral Held at IBKRSS,Data,Securities,USD,T 3 1/2 02/15/33,"39,582.7398",97.15,"38,453.84"
Stock Yield Enhancement Program Securities Collateral Held at IBKRSS,Data,Total,,,,,38453.84
Stock Yield Enhancement Program Securities Collateral Held at IBKRSS,Data,Total in EUR,,,,,32790.7429832
Stock Yield Enhancement Program Securities Lent Activity,Header,Asset Category,Currency,Symbol,Date,Description, ,Transaction ID,Quantity,Collateral Amount
Stock Yield Enhancement Program Securities Lent Activity,Data,Stocks,EUR,500X,2025-09-30,New Loan Allocation, ,SLB.111176392,-771,32790.8613
Stock Yield Enhancement Program Securities Lent Activity,Data,Stocks,EUR,SC0K,2025-09-01,Loan Return Allocation, ,SLB.109781019,4,-433.944
Stock Yield Enhancement Program Securities Lent Activity,Data,Stocks,EUR,SC0K,2025-09-01,New Loan Allocation, ,SLB.109781019,-4,430.752
Stock Yield Enhancement Program Securities Lent Activity,Data,Stocks,EUR,SC0K,2025-09-02,Loan Return Allocation, ,SLB.109781019,4,-430.752
Stock Yield Enhancement Program Securities Lent Activity,Data,Stocks,EUR,SC0K,2025-09-16,New Loan Allocation, ,SLB.110498960,-12,1308.384
Stock Yield Enhancement Program Securities Lent Activity,Data,Stocks,EUR,SC0K,2025-09-17,Loan Return Allocation, ,SLB.110498960,12,-1308.384
Stock Yield Enhancement Program Securities Lent Activity,Data,Stocks,EUR,SC0K,2025-09-19,New Loan Allocation, ,SLB.110669422,-8,887.712
Stock Yield Enhancement Program Securities Lent Activity,Data,Stocks,EUR,SC0K,2025-09-22,Loan Return Allocation, ,SLB.110669422,8,-887.712
Stock Yield Enhancement Program Securities Lent Activity,Data,Stocks,EUR,SPY5,2025-09-04,New Loan Allocation, ,SLB.110140851,-3,1736.973
Stock Yield Enhancement Program Securities Lent Activity,Data,Stocks,EUR,SPY5,2025-09-05,Loan Return Allocation, ,SLB.110140851,3,-1736.973
Stock Yield Enhancement Program Securities Lent Activity,Data,Stocks,EUR,SPY5,2025-09-09,New Loan Allocation, ,SLB.110140851,-2,1163.946
Stock Yield Enhancement Program Securities Lent Activity,Data,Stocks,EUR,SPY5,2025-09-10,Loan Return Allocation, ,SLB.110140851,2,-1163.946
Stock Yield Enhancement Program Securities Lent Activity,Data,Stocks,EUR,SPY5,2025-09-12,New Loan Allocation, ,SLB.110475352,-3,1769.166
Stock Yield Enhancement Program Securities Lent Activity,Data,Stocks,EUR,SPY5,2025-09-15,Loan Return Allocation, ,SLB.110475352,3,-1769.166
Stock Yield Enhancement Program Securities Lent Activity,Data,Stocks,EUR,SPYL,2025-09-17,New Loan Allocation, ,SLB.110649392,-182,2614.6302
Stock Yield Enhancement Program Securities Lent Activity,Data,Stocks,EUR,SPYL,2025-09-18,Loan Return Allocation, ,SLB.110649392,182,-2614.6302
Stock Yield Enhancement Program Securities Lent Activity,Data,Total,,,,,,,,32356.9173
Stock Yield Enhancement Program Securities Lent Activity,Data,Stocks,USD,GRNY,2025-09-11,New Loan Allocation, ,SLB.110434496,-164,4100
Stock Yield Enhancement Program Securities Lent Activity,Data,Stocks,USD,GRNY,2025-09-12,Loan Return Allocation, ,SLB.110434496,164,-4100
Stock Yield Enhancement Program Securities Lent Activity,Data,Total,,,,,,,,0
Stock Yield Enhancement Program Securities Lent Activity,Data,Total in EUR,,,,,,,,12.095
Stock Yield Enhancement Program Securities Lent Activity,Notes,"Important Notice re: SIPC Protection for Loans of Fully Paid and Excess Margin Securities:  Please be aware that if you execute loans of your fully paid or excess margin securities, the  provisions of the Securities Investor Protection Act of 1970 may not protect you with respect to the securities loan transaction.  Therefore, the collateral value credited to your account by Interactive Brokers (see above) may constitute the only source of satisfaction in the event that Interactive Brokers cannot return the securities."
Stock Yield Enhancement Program Securities Lent Interest Details,Header,Currency,Value Date,Symbol,Start Date,Quantity,Collateral Amount,Market-based Rate (%),Interest Rate on Customer Collateral (%),Interest Paid to Customer,Code
Stock Yield Enhancement Program Securities Lent Interest Details,Data,EUR,2025-08-01,SP5C,2025-08-01,-7,2927.505,0.95,0.48,0.04,Po
Stock Yield Enhancement Program Securities Lent Interest Details,Data,EUR,2025-08-02,SP5C,2025-08-01,-7,2927.505,0.95,0.48,0.04,Po
Stock Yield Enhancement Program Securities Lent Interest Details,Data,EUR,2025-08-03,SP5C,2025-08-01,-7,2927.505,0.95,0.48,0.04,Po
Stock Yield Enhancement Program Securities Lent Interest Details,Data,EUR,2025-08-11,SP5C,2025-08-11,-4,1657.32,0.95,0.48,0.02,Po
Stock Yield Enhancement Program Securities Lent Interest Details,Data,EUR,2025-08-12,SP5C,2025-08-12,-4,1660.26,1.31,0.66,0.03,Po
Stock Yield Enhancement Program Securities Lent Interest Details,Data,EUR,2025-08-18,SC0K,2025-08-18,-3,311.8815,2.45,1.23,0.01,Po
Stock Yield Enhancement Program Securities Lent Interest Details,Data,EUR,2025-08-19,SC0K,2025-08-19,-3,313.992,2.45,1.23,0.01,Po
Stock Yield Enhancement Program Securities Lent Interest Details,Data,EUR,2025-08-21,SC0K,2025-08-21,-4,414.288,2.45,1.23,0.02,Po
Stock Yield Enhancement Program Securities Lent Interest Details,Data,EUR,2025-08-21,SP5C,2025-08-21,-2,828.765,0.95,0.48,0.01,Po
Stock Yield Enhancement Program Securities Lent Interest Details,Data,EUR,2025-08-25,SC0K,2025-08-25,-4,430.584,2.45,1.23,0.02,Po
Stock Yield Enhancement Program Securities Lent Interest Details,Data,EUR,2025-08-26,SP5C,2025-08-26,-8,3352.86,0.9,0.45,0.04,Po
Stock Yield Enhancement Program Securities Lent Interest Details,Data,EUR,2025-08-27,SP5C,2025-08-27,-7,2932.65,0.9,0.45,0.04,Po
Stock Yield Enhancement Program Securities Lent Interest Details,Data,EUR,2025-08-29,SC0K,2025-08-29,-4,433.944,2.33,1.17,0.02,Po
Stock Yield Enhancement Program Securities Lent Interest Details,Data,EUR,2025-08-30,SC0K,2025-08-29,-4,433.944,2.33,1.17,0.02,Po
Stock Yield Enhancement Program Securities Lent Interest Details,Data,EUR,2025-08-31,SC0K,2025-08-29,-4,433.944,2.33,1.17,0.02,Po
Stock Yield Enhancement Program Securities Lent Interest Details,Data,Total,,,,,,,,0.38,
Stock Yield Enhancement Program Securities Lent Interest Details,Data,USD,2025-08-05,GRNY,2025-08-05,-563,13512,0.33,0.17,0.06,Po
Stock Yield Enhancement Program Securities Lent Interest Details,Data,USD,2025-08-25,GRNY,2025-08-25,-488,11712,0.23,0.12,0.04,Po
Stock Yield Enhancement Program Securities Lent Interest Details,Data,USD,2025-08-26,PONY,2025-08-26,-364,5460,0.68,0.34,0.05,Po
Stock Yield Enhancement Program Securities Lent Interest Details,Data,Total,,,,,,,,0.15,
Stock Yield Enhancement Program Securities Lent Interest Details,Data,Total in EUR,,,,,,,,0.128853,
Financial Instrument Information,Header,Asset Category,Symbol,Description,Conid,Security ID,Underlying,Listing Exch,Multiplier,Type,Code
Financial Instrument Information,Data,Stocks,500X,SPDR S&P 500 LDRS UC ETF-USD,393975471,IE00BH4GPZ28,SPPY,IBIS2,1,ETF,
Financial Instrument Information,Data,Stocks,5ESG,IVZ S&P 500 SCRD & SCRND-ACC,423045191,IE00BKS7L097,5ESG,BVME.ETF,1,ETF,
Financial Instrument Information,Data,Stocks,AAL,AMERICAN AIRLINES GROUP INC,139673266,US02376R1023,AAL,NASDAQ,1,COMMON,
Financial Instrument Information,Data,Stocks,ACHR,ARCHER AVIATION INC-A,514640214,US03945R1023,ACHR,NYSE,1,COMMON,
Financial Instrument Information,Data,Stocks,AFRM,AFFIRM HOLDINGS INC,465119069,US00827B1061,AFRM,NASDAQ,1,COMMON,
Financial Instrument Information,Data,Stocks,ALAB,ASTERA LABS INC,692196414,US04626A1034,ALAB,NASDAQ,1,COMMON,
Financial Instrument Information,Data,Stocks,AMZN,AMAZON.COM INC,3691937,US0231351067,AMZN,NASDAQ,1,COMMON,
Financial Instrument Information,Data,Stocks,ANAU,AXA IM NASDAQ 100 UCITS ETF,613030998,IE000QDFFK00,ANAU,IBIS2,1,ETF,
Financial Instrument Information,Data,Stocks,ANET,ARISTA NETWORKS INC,740948854,US0404132054,ANET,NYSE,1,COMMON,
Financial Instrument Information,Data,Stocks,ANX,AM NASDAQ-100 SP ETF EUR ACC,314449651,LU1681038243,ANX,SBF,1,ETF,
Financial Instrument Information,Data,Stocks,AVGO,BROADCOM INC,313130367,US11135F1012,AVGO,NASDAQ,1,COMMON,
Financial Instrument Information,Data,Stocks,BAC,BANK OF AMERICA CORP,10098,US0605051046,BAC,NYSE,1,COMMON,
Financial Instrument Information,Data,Stocks,BULL,WEBULL CORP,776352706,KYG9572D1034,BULL,NASDAQ,1,COMMON,
Financial Instrument Information,Data,Stocks,COIN,COINBASE GLOBAL INC -CLASS A,481691285,US19260Q1076,COIN,NASDAQ,1,COMMON,
Financial Instrument Information,Data,Stocks,CVNA,CARVANA CO,274144952,US1468691027,CVNA,NYSE,1,COMMON,
Financial Instrument Information,Data,Stocks,FLXI,FRK FTSE INDIA UCITS ETF,373120090,IE00BHZRQZ17,FLXI,IBIS2,1,ETF,
Financial Instrument Information,Data,Stocks,GOOGL,ALPHABET INC-CL A,208813719,US02079K3059,GOOGL,NASDAQ,1,COMMON,
Financial Instrument Information,Data,Stocks,GRNY,FNDSTRT GRNNY SHOTS US LRG,739817307,US8863642315,GRNY,ARCA,1,ETF,
Financial Instrument Information,Data,Stocks,HOOD,ROBINHOOD MARKETS INC - A,504546674,US7707001027,HOOD,NASDAQ,1,COMMON,
Financial Instrument Information,Data,Stocks,IBIT,ISHARES BITCOIN TRUST ETF,677037673,US46438F1012,IBIT,NASDAQ,1,ETF,
Financial Instrument Information,Data,Stocks,IREN,IREN LTD,526906130,AU0000185993,IREN,NASDAQ,1,COMMON,
Financial Instrument Information,Data,Stocks,MARA,MARA HOLDINGS INC,474219659,US5657881067,MARA,NASDAQ,1,COMMON,
Financial Instrument Information,Data,Stocks,META,META PLATFORMS INC-CLASS A,107113386,US30303M1027,META,NASDAQ,1,COMMON,
Financial Instrument Information,Data,Stocks,MSFT,MICROSOFT CORP,272093,US5949181045,MSFT,NASDAQ,1,COMMON,
Financial Instrument Information,Data,Stocks,MSTR,STRATEGY INC,272110,US5949724083,MSTR,NASDAQ,1,COMMON,
Financial Instrument Information,Data,Stocks,NET,CLOUDFLARE INC - CLASS A,382633646,US18915M1071,NET,NYSE,1,COMMON,
Financial Instrument Information,Data,Stocks,NNE,NANO NUCLEAR ENERGY INC,701518202,US63010H1086,NNE,NASDAQ,1,COMMON,
Financial Instrument Information,Data,Stocks,NVDA,NVIDIA CORP,4815747,US67066G1040,NVDA,NASDAQ,1,COMMON,
Financial Instrument Information,Data,Stocks,OKLO,OKLO INC,500073396,US02156V1098,OKLO,NYSE,1,COMMON,
Financial Instrument Information,Data,Stocks,OPEN,OPENDOOR TECHNOLOGIES INC,460320153,US6837121036,OPEN,NASDAQ,1,COMMON,
Financial Instrument Information,Data,Stocks,PANW,PALO ALTO NETWORKS INC,110619459,US6974351057,PANW,NASDAQ,1,COMMON,
Financial Instrument Information,Data,Stocks,PONY,PONY AI INC,744874842,US7329081084,PONY,NASDAQ,1,ADR,
Financial Instrument Information,Data,Stocks,QQQ,INVESCO QQQ TRUST SERIES 1,320227571,US46090E1038,QQQ,NASDAQ,1,ETF,
Financial Instrument Information,Data,Stocks,SC0K,INVESCO RUSSELL 2000,74992103,IE00B60SX402,SC0K,IBIS2,1,ETF,
Financial Instrument Information,Data,Stocks,SOUN,SOUNDHOUND AI INC-A,558869874,US8361001071,SOUN,NASDAQ,1,COMMON,
Financial Instrument Information,Data,Stocks,SP5,AM CR SP 500 SP ETF EUR DIST,75912858,LU0496786574,SP5,SBF,1,ETF,
Financial Instrument Information,Data,Stocks,SP5C,AM CORE S&P 500 SWAP ETF ACC,233772665,LU1135865084,SP5C,SBF,1,ETF,
Financial Instrument Information,Data,Stocks,SPY5,SPDR S&P 500 UCITS ETF DIST,104754270,IE00B6YX5C33,SPY5,IBIS2,1,ETF,
Financial Instrument Information,Data,Stocks,SPYL,SPDR S&P 500 UCITS ETF ACC,663368031,IE000XZSV718,SPYL,IBIS2,1,ETF,
Financial Instrument Information,Data,Stocks,TETH,21SHARES ETHEREUM ETF,717828991,US04071F1021,TETH,BATS,1,ETF,
Financial Instrument Information,Data,Stocks,TSLA,TESLA INC,76792991,US88160R1014,TSLA,NASDAQ,1,COMMON,
Financial Instrument Information,Data,Stocks,WEBG,AMUNDI PRIME ALL CNTRY WRLD,690403964,IE0009HF1MK9,WEBG,IBIS2,1,ETF,
Financial Instrument Information,Data,Stocks,WELL,AM S&P W INFORMATIO SCR D,603507335,IE000GEHNQU9,WELL1,IBIS2,1,ETF,
Codes,Header,Code,Meaning,Code (Cont.),Meaning (Cont.)
Codes,Data,A,Assignment
Codes,Data,ADR,ADR Fee Accrual
Codes,Data,AEx,Automatic exercise for dividend-related recommendation.
Codes,Data,AFx,AutoFX conversion resulting from trading
Codes,Data,Adj,Adjustment
Codes,Data,Al,Allocation
Codes,Data,Aw,Away Trade
Codes,Data,B,Automatic Buy-in
Codes,Data,Bo,Direct Borrow
Codes,Data,C,Closing Trade
Codes,Data,CD,Cash Delivery
Codes,Data,CP,Complex Position
Codes,Data,Ca,Cancelled
Codes,Data,Co,Corrected Trade
Codes,Data,Cx,Part or all of this transaction was a Crossing executed as dual agent by IB for two IB customers
Codes,Data,DT,Discounted Trade
Codes,Data,De,Delivery or Conversion Action
Codes,Data,ETF,ETF Creation/Redemption
Codes,Data,Ep,Resulted from an Expired Position
Codes,Data,Ex,Exercise
Codes,Data,FP,The fractional portion of this trade was executed against IB or an affiliate.
Codes,Data,FPA,The fractional portion of this trade was executed against IB or an affiliate. IB acted as agent for the whole share portion of this trade.
Codes,Data,G,Trade in Guaranteed Account Segment
Codes,Data,GEA,Exercise or Assignment resulting from offsetting positions
Codes,Data,HC,Highest Cost tax basis election
Codes,Data,HFI,Investment Transferred to Hedge Fund
Codes,Data,HFR,Redemption from Hedge Fund
Codes,Data,I,Internal Transfer
Codes,Data,IA,The transaction was executed against IB or an affiliate
Codes,Data,IM,A portion of the order was executed against IB or an affiliate; IB acted as agent on a portion.
Codes,Data,INV,Investment Transfer from Investor
Codes,Data,IPO,This transaction was executed as part of an IPO in which IB was a member of the selling group and is classified as a Principal trade.
Codes,Data,L,Ordered by IB (Margin Violation)
Codes,Data,LD,Adjusted by Loss Disallowed from Wash Sale
Codes,Data,LF,Liquidation of fractional position by IB
Codes,Data,LI,"Last In, First Out (LIFO) tax basis election"
Codes,Data,LT,Long Term P/L
Codes,Data,Lo,Direct Loan
Codes,Data,M,Entered manually by IB
Codes,Data,MEx,Manual exercise for dividend-related recommendation.
Codes,Data,ML,Maximize Losses tax basis election
Codes,Data,MLG,Maximize Long Term Gain tax basis election
Codes,Data,MLL,Maximize Long Term Loss tax basis election
Codes,Data,MSG,Maximize Short Term Gain tax basis election
Codes,Data,MSL,Maximize Short Term Loss tax basis election
Codes,Data,O,Opening Trade
Codes,Data,Off,Yes and No contracts offset to $1.00 cash settlement
Codes,Data,P,Partial Execution
Codes,Data,PE,Perpetual Investment
Codes,Data,PI,Price Improvement
Codes,Data,PTA,Post Trade Allocation
Codes,Data,Po,Interest or Dividend Accrual Posting
Codes,Data,Pr,Part or all of this transaction was executed by the Exchange as a Crossing by IB against an IB affiliate and is therefore classified as a Principal and not an agency trade
Codes,Data,R,Dividend Reinvestment
Codes,Data,RED,Redemption to Investor
Codes,Data,RI,Recurring Investment
Codes,Data,RP,"IB acted as agent for the fractional share portion of this trade, which was executed by an IB affiliate as riskless principal."
Codes,Data,RPA,IB acted as agent for both the fractional share portion and the whole share portion of this trade; the fractional share portion was executed by an IB Affiliate as riskless principal.
Codes,Data,Rb,Rebill
Codes,Data,Re,Interest or Dividend Accrual Reversal
Codes,Data,Ri,Reimbursement
Codes,Data,S0,Contract settled to zero value
Codes,Data,S1,Contract settled to $1.00
Codes,Data,SF,Trade is subject to IBKR Lite Surcharge Fee if volume of such trades exceeds 10% of the total monthly Lite trade volume
Codes,Data,SI,This order was solicited by Interactive Brokers
Codes,Data,SL,Specific Lot tax basis election
Codes,Data,SO,This order was marked as solicited by your Introducing Broker
Codes,Data,SS,Customer designated this trade for shortened settlement and so is subject to execution at prices above the prevailing market
Codes,Data,ST,Short Term P/L
Codes,Data,T,Transfer
Codes,Data,Un,Unvested shares from stock grant
Codes,Data,XCH,Mutual Fund Exchange Transaction
Notes/Legal Notes,Header,Type,Note
Notes/Legal Notes,Data,Notes,"Stock exchange transactions generally settle on the trade date plus one business day (T+1). Options, futures and US open-end mutual fund transactions also settle on trade date plus one business day. Some exchanges and other transaction types may have longer or shorter settlement periods. Ending settled cash reflects the cash that has actually settled."
Notes/Legal Notes,Data,Notes,Initial and maintenance margin requirements are available within the Account Window of the Trader Workstation.
Notes/Legal Notes,Data,Notes,"Interactive Brokers LLC receives compensation from fund companies in connection with the purchase and holding of fund shares by customers of Interactive Brokers LLC. Such compensation includes, but is not limited to, Rule 12b-1 fees that are paid out of the funds assets. The source and amount of any remuneration received by Interactive Brokers LLC in connection with a transaction will be furnished upon written request of the customer.  IB may share a portion of the compensation received from fund companies with your independent advisor or introducing broker."
Notes/Legal Notes,Data,Notes,"Quantities preceded by a ""-"" sign indicate sell transactions. Other transactions are purchases. "
Notes/Legal Notes,Data,Notes,"IB acts as agent in executing the fractional share portion of your order. In certain circumstances, IB routes the fractional portion of your order to an affiliate, which may execute the fractional portion of the order as principal. In such circumstances, this is indicated by the codes associated with the trade. If an IB affiliate acts as principal in executing any fractional share portion of your order, the order will be executed at the price displayed for the opposite side of the NBBO from your order (the offer if you are buying and the bid if you are selling) at the time of execution. If an IB affiliate is acting as riskless principal in connection with filling the fractional share portion of your order, the affiliate will execute the fractional share portion of your order at the price it receives for the execution of the whole share."
Notes/Legal Notes,Data,Notes,"In case of partial executions, commissions are charged on the total quantity executed on the original order. The commission is displayed on the first partial execution only."
Notes/Legal Notes,Data,Notes,Trade execution times are displayed in Eastern Time.
Notes/Legal Notes,Data,Notes,Applicable regulatory fees for your transactions are available on the IB website at www.interactivebrokers.com/en/accounts/fees/exchangeAndRegulatoryFees.php.
Notes/Legal Notes,Data,Notes,"Borrow Fee Rate represents the cost to borrow stock expressed in percent per annum. It is applied to the collateral value on the stock borrow contract and is separate from any interest earned on credit cash balances. Similarly, Loan Fee Rate represents the benefit to lend stock. A positive rate indicates a cost to the borrower/benefit to the lender and a negative rate indicates a benefit to the borrower/cost to the lender. In general, the fee rates for hard-to-borrow stocks are higher than for normal availability stocks."
Notes/Legal Notes,Data,Notes,Interest Rate on Customer Collateral represents the interest paid on the collateral posted to the customer's account and received from lending stock.  A positive rate indicates a benefit to the lender.
Notes/Legal Notes,Data,Notes,"The closing prices on this Activity Statement are indicative and may come from third-party sources. Interactive Brokers does not warrant the accuracy of the prices provided by third-party sources. Due to time zone differences, certain non-US mutual funds may deliver closing prices after the Activity Statement has been produced and the closing prices for such funds will reflect the previous day's price."
Notes/Legal Notes,Data,Notes,All Market Data and Research services are provided through Global Financial Information Services (GmbH).
Notes/Legal Notes,Data,Notes,"Market data is provided by Global Financial Information Services (GmbH). Your local broker collects amounts owed for fees and tax for such data on behalf of Global Financial Information Services (GmbH). Note, you are responsible for any applicable taxes relating to the provision of these services."
Notes/Legal Notes,Data,Notes,"FX rates used to display amounts in base currency for IBKR Managed Securities Lent (Stock Yield Enhancement Program), IBKR Managed Securities Collateral Held at IBSS (Stock Yield Enhancement Program) and IBKR Managed Securities Lent Activity (Stock Yield Enhancement Program) are as of the previous business day of the activity's report date.  There may be slight differences in converted amounts between sections due to rounding."
Notes/Legal Notes,Data,Notes,RUS denotes Ruble balances that have been restricted by Russian authorities.
Notes/Legal Notes,Data,Mutual Fund Notes,"All purchase and sales of mutual funds are calculated against the published NAV (Net Asset Value) of the underlying fund and is displayed on this confirmation as the ""C. Price"" (Closing Price). Due to any fees charged by a fund and/or any share rounding, the net price you pay may vary from the published NAV and is shown on this confirmation as the ""T. Price"" (Trade Price)."
Notes/Legal Notes,Data,Fixed Income Notes,"Call features for bonds or preferred stocks may affect the yield. For zero coupon, compound interest and multiplier securities, there are no periodic payments and securities may be callable below maturity value without notice to holder unless registered. For asset-backed securities, the actual yield may vary depending on the speed at which the underlying note is pre-paid. For additional information regarding bond yield, please contact the IB Help Desk at: ibkr.com/help. If this debt security is unrated by a nationally recognized statistical rating organization, it may pose a high risk of default. You should consult an independent advisor to determine whether unrated bonds are appropriate for your portfolio in light of your goals and your financial circumstances. Fees charged by bond trading centers are included in the cost of bond transactions."
Notes/Legal Notes,Data,Legal Notes,"Please promptly report any inaccuracy or discrepancy in this statement, or in your account. Contact the IB Customer Service Department in writing using the form available on the IB website. You may also contact IB by phone, but if you report an error by phone, you should re-confirm such oral communication in writing in order to protect your rights, including rights under the Securities Investor Protection Act (SIPA).Interactive Brokers:Interactive Brokers LLC, www.interactivebrokers.com, 877-442-2757 (U.S.)Interactive Brokers (UK) (Ltd), www.interactivebrokers.co.uk, 00800-42-276537 (Intl)Interactive Brokers Canada Inc., www.interactivebrokers.ca, 877-745-4222 (Can.)"
Notes/Legal Notes,Data,Legal Notes,"Unless otherwise noted, Interactive Brokers acted as agent in the execution of the above transactions. For those exchanges where IB is not a direct clearing member or custodian, IB may use one of the following clearing agents or sub-custodians: Interactive Brokers Australia Pty Limited; Interactive Brokers Canada Inc.; Interactive Brokers Hong Kong Limited; Interactive Brokers Ireland, Limited; Interactive Brokers Securities Japan, Inc.; Interactive Brokers (U.K.) Limited; IBKR Financial Services AG; ABN Amro Clearing Singapore Pte. Ltd.; BBVA Bancomer, S.A.; BNP Securities Services, Milan Branch; BMO Harris Bank N.A.; Citibank Europe plc; Skandinaviska Enskilda Banken AB (including select branches)."
Notes/Legal Notes,Data,Legal Notes,"IB acts as agent or riskless principal in foreign currency exchange transactions and as riskless principal in spot precious metals transactions.  Such transactions are executed against an IB affiliate or a third party, which acts as principal in such transactions and may have a long or short position and may have profited or lost in connection with the transaction.  Foreign currency exchange and spot precious metals transactions executed by Customer through IB are not regulated or overseen by the SEC or the CFTC."
Notes/Legal Notes,Data,Legal Notes,"IB accepts liquidity rebates or other order flow payments from Alternative Trading Systems, market makers and exchanges for certain orders in stocks. IB receives payment for some option orders pursuant to exchange-mandated marketing fee programs or other arrangements. The source and nature of any compensation received by IB in connection with any transaction is available upon written request of the customer. For further information, check the IB website and the Order Routing and Payment for Order Flow Disclosure provided when you opened your account and annually or visit ibkr.com/help.  "
Notes/Legal Notes,Data,Legal Notes,"For security futures trades, if not already indicated on this statement, information about the time of any transaction, the identity of the counterparty to the transaction, and whether IB is acting as agent or principal, as agent for the counterparty, as agent for both parties to the contract, or as principal, and if acting as principal, whether the transaction was a block transaction or an exchange for physicals transaction, will be available upon written request of the customer."
Notes/Legal Notes,Data,Legal Notes,Customer is requested to promptly advise Interactive Brokers of any material change in Customers investment objectives.
Notes/Legal Notes,Data,Legal Notes,"A financial statement of Interactive Brokers LLC is available for your personal inspection at www.interactivebrokers.com or at its offices, or a copy of it will be mailed upon your written request."
Notes/Legal Notes,Data,Legal Notes,"For trades executed on the ASX market, the ASX 24 market and the Cboe Australia market, this confirmation is issued subject to: (i) the Applicable Laws, the directions, decisions and requirements of the relevant market operator, the operating rules of the relevant market, the clearing rules and where relevant, the relevant settlement rules, (ii) the customs and usages of the relevant financial market, and (iii) the correction of errors and omissions. Trades in Cash Market Products (as that term is defined in the relevant ASIC market integrity rules) on ASX market and Cboe Australia are cleared by BNP Paribas, ARBN 149 440 291, AFSL 402467, who is a participant of ASX Clear Pty Ltd and ASX Settlement Pty Ltd. Trades in Derivative Products on ASX and all products on ASX 24 are cleared by Interactive Brokers Australia (“IBA”) as a participant of ASX Clear Pty Ltd and ASX Clear (Futures) Pty Ltd. If your transaction was a crossing transaction, IBA may have either acted on behalf of (i) both the buyer and seller of this transaction, or (ii) on behalf of the buyer or seller on one side of the transaction and acted as Principal on the other side. Under the Corporations Act 2001, where IBA enters into an exchange traded derivative on a customer's behalf, IBA is regarded as having issued the derivative to the customer."
Notes/Legal Notes,Data,Legal Notes,"For All Options Trades Executed on the Stock Exchange of Hong Kong (""SEHK""): (a) Options can involve a high degree of risk and may not be suitable for every investor. Investors should ensure they understand those risks before participating in the options market. (b) All options contracts executed on the SEHK were executed by Interactive Brokers Hong Kong Limited on behalf of Interactive Brokers LLC. (c) In the event of a default committed by Interactive Brokers LLC resulting in the client suffering any pecuniary loss, the client shall have a right to claim under the Investor Compensation Fund established under the Hong Kong Securities and Futures Ordinance, subject to the terms of the Investor Compensation Fund from time to time. (d) All Exchange Traded Options Business made for or on behalf of a client shall be subject to the relevant provisions of the constitution, Rules of The Stock Exchange of Hong Kong Limited (""SEHK Rules""), regulations, the Articles, customs and usages of SEHK, the Options Trading Rules, the Clearing Rules of SEOCH, the CCASS Rules and the laws of Hong Kong, which shall be binding on both Interactive Brokers LLC and the client."
Notes/Legal Notes,Data,Legal Notes,"Interactive Brokers LLC is a SIPC member. Deposits held away from Interactive Brokers LLC may not qualify under SIPC protection. Also, futures and options on futures are not covered by SIPC."
Notes/Legal Notes,Data,,Interactive Brokers LLC is a SIPC Member
