num,source_path,classification,proposed_bucket,final_bucket
1,"_COMMUNICATION/90_Architects_comunication/ARCHITECT_DIRECTIVE_TEAM_100_v1_2_KICKOFF.md","WORKING_OR_THREAD_ARTIFACT","07-DIRECTIVES_AND_DECISIONS","07-DIRECTIVES_AND_DECISIONS"
2,"_COMMUNICATION/90_Architects_comunication/EXTERNAL_AUDIT_v1/02_PRODUCT/LOD_400_FIDELITY_STANDARDS.md","WORKING_OR_THREAD_ARTIFACT","09-OTHER_GOVERNANCE","01-FOUNDATIONS"
3,"_COMMUNICATION/90_Architects_comunication/EXTERNAL_AUDIT_v1/MISSION_DIRECTIVE_90_01.md","WORKING_OR_THREAD_ARTIFACT","07-DIRECTIVES_AND_DECISIONS","07-DIRECTIVES_AND_DECISIONS"
4,"_COMMUNICATION/90_Architects_comunication/EXTERNAL_AUDIT_v2/01_SUMMARY/ARCHITECT_MANDATE_IMPLEMENTATION_SUMMARY.md","WORKING_OR_THREAD_ARTIFACT","07-DIRECTIVES_AND_DECISIONS","07-DIRECTIVES_AND_DECISIONS"
5,"_COMMUNICATION/90_Architects_comunication/EXTERNAL_AUDIT_v2/03_DOCUMENTATION/POLICY_UPDATES.md","WORKING_OR_THREAD_ARTIFACT","02-POLICIES","02-POLICIES"
6,"_COMMUNICATION/90_Architects_comunication/EXTERNAL_AUDIT_v3/ARCHITECT_BASE_SYSTEMS_DESIGN_MANDATE.md","WORKING_OR_THREAD_ARTIFACT","07-DIRECTIVES_AND_DECISIONS","07-DIRECTIVES_AND_DECISIONS"
7,"_COMMUNICATION/90_Architects_comunication/EXTERNAL_AUDIT_v3/ARCHITECT_DESIGN_CONTRACTS_MANDATE.md","WORKING_OR_THREAD_ARTIFACT","05-CONTRACTS","05-CONTRACTS"
8,"_COMMUNICATION/90_Architects_comunication/EXTERNAL_AUDIT_v3/ARCHITECT_DOCS_INTEGRITY_MANDATE.md","WORKING_OR_THREAD_ARTIFACT","07-DIRECTIVES_AND_DECISIONS","07-DIRECTIVES_AND_DECISIONS"
9,"_COMMUNICATION/90_Architects_comunication/EXTERNAL_AUDIT_v3/ARCHITECT_DRIFT_FIX_MANDATE.md","WORKING_OR_THREAD_ARTIFACT","07-DIRECTIVES_AND_DECISIONS","07-DIRECTIVES_AND_DECISIONS"
10,"_COMMUNICATION/90_Architects_comunication/EXTERNAL_AUDIT_v3/ARCHITECT_GOVERNANCE_PROCEDURES_V2.md","WORKING_OR_THREAD_ARTIFACT","04-PROCEDURES","04-PROCEDURES"
11,"_COMMUNICATION/90_Architects_comunication/EXTERNAL_AUDIT_v3/ARCHITECT_HEADER_UNIFICATION_MANDATE.md","WORKING_OR_THREAD_ARTIFACT","07-DIRECTIVES_AND_DECISIONS","07-DIRECTIVES_AND_DECISIONS"
12,"_COMMUNICATION/90_Architects_comunication/EXTERNAL_AUDIT_v3/ARCHITECT_INFRASTRUCTURE_RETROFIT_MANDATE.md","WORKING_OR_THREAD_ARTIFACT","07-DIRECTIVES_AND_DECISIONS","07-DIRECTIVES_AND_DECISIONS"
13,"_COMMUNICATION/90_Architects_comunication/EXTERNAL_AUDIT_v3/ARCHITECT_KNOWLEDGE_PROMOTION_PROTOCOL.md","WORKING_OR_THREAD_ARTIFACT","03-PROTOCOLS","03-PROTOCOLS"
14,"_COMMUNICATION/90_Architects_comunication/EXTERNAL_AUDIT_v3/ARCHITECT_P0_RED_MANDATE.md","WORKING_OR_THREAD_ARTIFACT","07-DIRECTIVES_AND_DECISIONS","07-DIRECTIVES_AND_DECISIONS"
15,"_COMMUNICATION/90_Architects_comunication/EXTERNAL_AUDIT_v3/ARCHITECT_PHASE_2_EXECUTION_MANDATE.md","WORKING_OR_THREAD_ARTIFACT","07-DIRECTIVES_AND_DECISIONS","07-DIRECTIVES_AND_DECISIONS"
16,"_COMMUNICATION/90_Architects_comunication/EXTERNAL_AUDIT_v3/ARCHITECT_PHASE_2_FULL_KICKOFF_MANDATE.md","WORKING_OR_THREAD_ARTIFACT","07-DIRECTIVES_AND_DECISIONS","07-DIRECTIVES_AND_DECISIONS"
17,"_COMMUNICATION/90_Architects_comunication/EXTERNAL_AUDIT_v3/ARCHITECT_PHASE_2_FULL_RELEASE_MANDATE.md","WORKING_OR_THREAD_ARTIFACT","07-DIRECTIVES_AND_DECISIONS","07-DIRECTIVES_AND_DECISIONS"
18,"_COMMUNICATION/90_Architects_comunication/EXTERNAL_AUDIT_v3/ARCHITECT_PHASE_2_KICKOFF_MANDATE.md","WORKING_OR_THREAD_ARTIFACT","07-DIRECTIVES_AND_DECISIONS","07-DIRECTIVES_AND_DECISIONS"
19,"_COMMUNICATION/90_Architects_comunication/EXTERNAL_AUDIT_v3/ARCHITECT_PHASE_2_REFINED_MANDATE.md","WORKING_OR_THREAD_ARTIFACT","07-DIRECTIVES_AND_DECISIONS","07-DIRECTIVES_AND_DECISIONS"
20,"_COMMUNICATION/90_Architects_comunication/EXTERNAL_AUDIT_v3/ARCHITECT_TRADING_ACCOUNTS_RED_FIX_MANDATE.md","WORKING_OR_THREAD_ARTIFACT","07-DIRECTIVES_AND_DECISIONS","07-DIRECTIVES_AND_DECISIONS"
21,"_COMMUNICATION/90_Architects_comunication/TEAM_10_STAGE_1_REQUIREMENTS_MANDATE.md","WORKING_OR_THREAD_ARTIFACT","07-DIRECTIVES_AND_DECISIONS","07-DIRECTIVES_AND_DECISIONS"
22,"_COMMUNICATION/90_Architects_comunication/TEAM_70_DIRECTIVE_NARRATIVE_PRODUCTION.md","WORKING_OR_THREAD_ARTIFACT","07-DIRECTIVES_AND_DECISIONS","07-DIRECTIVES_AND_DECISIONS"
23,"_COMMUNICATION/90_Architects_comunication/TEAM_90_TO_ARCHITECT_D39_USER_PREFERENCES_SPEC_FOR_APPROVAL.md","WORKING_OR_THREAD_ARTIFACT","09-OTHER_GOVERNANCE","07-DIRECTIVES_AND_DECISIONS"
24,"_COMMUNICATION/_ARCHITECT_INBOX/90_ARCHITECTS_DOCUMENTATION/ARCHITECT_RICH_TEXT_AND_SANITIZATION_POLICY.md","KEEP_IN_ARCHITECT_INBOX_REFERENCE_ONLY","02-POLICIES","02-POLICIES"
25,"_COMMUNICATION/_ARCHITECT_INBOX/90_ARCHITECTS_DOCUMENTATION/BATCH_2_5_COMPLETIONS_MANDATE.md","KEEP_IN_ARCHITECT_INBOX_REFERENCE_ONLY","07-DIRECTIVES_AND_DECISIONS","07-DIRECTIVES_AND_DECISIONS"
26,"_COMMUNICATION/_ARCHITECT_INBOX/90_ARCHITECTS_DOCUMENTATION/CSS_EXCELLENCE_PROTOCOL.md","KEEP_IN_ARCHITECT_INBOX_REFERENCE_ONLY","03-PROTOCOLS","03-PROTOCOLS"
27,"_COMMUNICATION/_ARCHITECT_INBOX/90_ARCHITECTS_DOCUMENTATION/OVERVIEW_PACK/TT2_GOVERNANCE_AND_QUALITY_GATES.md","KEEP_IN_ARCHITECT_INBOX_REFERENCE_ONLY","09-OTHER_GOVERNANCE","03-PROTOCOLS"
28,"_COMMUNICATION/_ARCHITECT_INBOX/90_ARCHITECTS_DOCUMENTATION/TT2_GOVERNANCE_AND_AI_COMMUNICATION_PROTOCOL.md","KEEP_IN_ARCHITECT_INBOX_REFERENCE_ONLY","03-PROTOCOLS","03-PROTOCOLS"
29,"_COMMUNICATION/_ARCHITECT_INBOX/90_ARCHITECTS_DOCUMENTATION/TT2_PAGE_TEMPLATE_CONTRACT.md","KEEP_IN_ARCHITECT_INBOX_REFERENCE_ONLY","05-CONTRACTS","05-CONTRACTS"
30,"_COMMUNICATION/_ARCHITECT_INBOX/90_ARCHITECTS_DOCUMENTATION/TT2_PAGE_TEMPLATE_CONTRACT_v1.1.md","KEEP_IN_ARCHITECT_INBOX_REFERENCE_ONLY","05-CONTRACTS","05-CONTRACTS"
31,"_COMMUNICATION/_ARCHITECT_INBOX/90_ARCHITECTS_DOCUMENTATION/TT2_TASK_GOVERNANCE_PROTOCOL.md","KEEP_IN_ARCHITECT_INBOX_REFERENCE_ONLY","03-PROTOCOLS","03-PROTOCOLS"
32,"_COMMUNICATION/_ARCHITECT_INBOX/90_ARCHITECTS_DOCUMENTATION/TT2_VERSIONING_POLICY.md","KEEP_IN_ARCHITECT_INBOX_REFERENCE_ONLY","02-POLICIES","02-POLICIES"
33,"_COMMUNICATION/_ARCHITECT_INBOX/90_ARCHITECTS_DOCUMENTATION/סיכום בץ 1/02_PRODUCT/LOD_400_FIDELITY_STANDARDS.md","KEEP_IN_ARCHITECT_INBOX_REFERENCE_ONLY","09-OTHER_GOVERNANCE","01-FOUNDATIONS"
34,"_COMMUNICATION/_ARCHITECT_INBOX/90_ARCHITECTS_DOCUMENTATION/סיכום בץ 1/LOD_400_FIDELITY_STANDARDS_FINAL.md","KEEP_IN_ARCHITECT_INBOX_REFERENCE_ONLY","09-OTHER_GOVERNANCE","01-FOUNDATIONS"
35,"_COMMUNICATION/_ARCHITECT_INBOX/AGENT_OS_PHASE_1/INFRASTRUCTURE_STAGE_1/CANONICAL_STRUCTURAL_UPDATE_v2.2.0/SUBMISSION_v2.2.1/DIRECTIVE_RECORD.md","KEEP_IN_ARCHITECT_INBOX_REFERENCE_ONLY","07-DIRECTIVES_AND_DECISIONS","07-DIRECTIVES_AND_DECISIONS"
36,"_COMMUNICATION/_ARCHITECT_INBOX/AGENT_OS_PHASE_1/INFRASTRUCTURE_STAGE_1/CANONICAL_STRUCTURAL_UPDATE_v2.2.0/SUBMISSION_v2.2.1/PROCEDURE_AND_CONTRACT_REFERENCE.md","KEEP_IN_ARCHITECT_INBOX_REFERENCE_ONLY","04-PROCEDURES","04-PROCEDURES"
37,"_COMMUNICATION/_ARCHITECT_INBOX/AGENT_OS_PHASE_1/INFRASTRUCTURE_STAGE_1/CANONICAL_STRUCTURAL_UPDATE_v2.2.0/SUBMISSION_v2.2.1/SSM_VERSION_REFERENCE.md","KEEP_IN_ARCHITECT_INBOX_REFERENCE_ONLY","01-FOUNDATIONS","01-FOUNDATIONS"
38,"_COMMUNICATION/_ARCHITECT_INBOX/AGENT_OS_PHASE_1/INFRASTRUCTURE_STAGE_1/CANONICAL_STRUCTURAL_UPDATE_v2.2.0/SUBMISSION_v2.2.1/WSM_VERSION_REFERENCE.md","KEEP_IN_ARCHITECT_INBOX_REFERENCE_ONLY","01-FOUNDATIONS","01-FOUNDATIONS"
39,"_COMMUNICATION/_ARCHITECT_INBOX/AGENT_OS_PHASE_1/INFRASTRUCTURE_STAGE_2/S001_P001_WP001_EXECUTION_APPROVAL/SUBMISSION_v1.0.0/DIRECTIVE_RECORD.md","KEEP_IN_ARCHITECT_INBOX_REFERENCE_ONLY","07-DIRECTIVES_AND_DECISIONS","07-DIRECTIVES_AND_DECISIONS"
40,"_COMMUNICATION/_ARCHITECT_INBOX/AGENT_OS_PHASE_1/INFRASTRUCTURE_STAGE_2/S001_P001_WP001_EXECUTION_APPROVAL/SUBMISSION_v1.0.0/PROCEDURE_AND_CONTRACT_REFERENCE.md","KEEP_IN_ARCHITECT_INBOX_REFERENCE_ONLY","04-PROCEDURES","04-PROCEDURES"
41,"_COMMUNICATION/_ARCHITECT_INBOX/AGENT_OS_PHASE_1/INFRASTRUCTURE_STAGE_2/S001_P001_WP001_EXECUTION_APPROVAL/SUBMISSION_v1.0.0/SSM_VERSION_REFERENCE.md","KEEP_IN_ARCHITECT_INBOX_REFERENCE_ONLY","01-FOUNDATIONS","01-FOUNDATIONS"
42,"_COMMUNICATION/_ARCHITECT_INBOX/AGENT_OS_PHASE_1/INFRASTRUCTURE_STAGE_2/S001_P001_WP001_EXECUTION_APPROVAL/SUBMISSION_v1.0.0/WSM_VERSION_REFERENCE.md","KEEP_IN_ARCHITECT_INBOX_REFERENCE_ONLY","01-FOUNDATIONS","01-FOUNDATIONS"
43,"_COMMUNICATION/_ARCHITECT_INBOX/SSM_LOCK_AND_STRUCTURE_ALIGNMENT_SPEC_APPROVAL_REQUEST/COVER_NOTE_SPEC_APPROVAL_REQUEST.md","KEEP_IN_ARCHITECT_INBOX_REFERENCE_ONLY","08-WORKING_VALIDATION_RECORDS","08-WORKING_VALIDATION_RECORDS"
44,"_COMMUNICATION/_ARCHITECT_INBOX/SSM_LOCK_AND_STRUCTURE_ALIGNMENT_SPEC_APPROVAL_REQUEST/EVIDENCE_MAPPING_TO_GOVERNANCE_MODEL.md","KEEP_IN_ARCHITECT_INBOX_REFERENCE_ONLY","08-WORKING_VALIDATION_RECORDS","08-WORKING_VALIDATION_RECORDS"
45,"_COMMUNICATION/_ARCHITECT_INBOX/SSM_LOCK_AND_STRUCTURE_ALIGNMENT_SPEC_APPROVAL_REQUEST/PHOENIX_MASTER_SSM_v1.1.0_PROPOSED.md","KEEP_IN_ARCHITECT_INBOX_REFERENCE_ONLY","01-FOUNDATIONS","01-FOUNDATIONS"
46,"_COMMUNICATION/_ARCHITECT_INBOX/SSM_LOCK_AND_STRUCTURE_ALIGNMENT_SPEC_APPROVAL_REQUEST/SSM_DIFF_SUMMARY_v1.0.0_to_v1.1.0.md","KEEP_IN_ARCHITECT_INBOX_REFERENCE_ONLY","01-FOUNDATIONS","01-FOUNDATIONS"
47,"_COMMUNICATION/_ARCHITECT_INBOX/TEAM_190_ARCHITECTURAL_REAPPROVAL_SUBMISSION_CANONICAL_STRUCTURAL_UPDATE_v2.2.0.md","KEEP_IN_ARCHITECT_INBOX_REFERENCE_ONLY","08-WORKING_VALIDATION_RECORDS","08-WORKING_VALIDATION_RECORDS"
48,"_COMMUNICATION/_ARCHITECT_INBOX/TEAM_190_ARCHITECTURAL_REAPPROVAL_SUBMISSION_CANONICAL_STRUCTURAL_UPDATE_v2.2.1.md","KEEP_IN_ARCHITECT_INBOX_REFERENCE_ONLY","08-WORKING_VALIDATION_RECORDS","08-WORKING_VALIDATION_RECORDS"
49,"_COMMUNICATION/_ARCHITECT_INBOX/TEAM_190_ARCH_APPROVAL_PACKAGE_FORMAT_LOCK_GOVERNANCE_REFERENCES_v1.0.0.md","KEEP_IN_ARCHITECT_INBOX_REFERENCE_ONLY","08-WORKING_VALIDATION_RECORDS","08-WORKING_VALIDATION_RECORDS"
50,"_COMMUNICATION/_ARCHITECT_INBOX/TEAM_90_EXECUTION_APPROVAL_SUBMISSION_S001_P001_WP001_v1.0.0.md","KEEP_IN_ARCHITECT_INBOX_REFERENCE_ONLY","08-WORKING_VALIDATION_RECORDS","08-WORKING_VALIDATION_RECORDS"
51,"_COMMUNICATION/_Architects_Decisions/ARCHITECT_AUDIT_V2_APPROVAL.md","PROMOTE_TO_CANONICAL_GOVERNANCE","09-OTHER_GOVERNANCE","08-WORKING_VALIDATION_RECORDS"
52,"_COMMUNICATION/_Architects_Decisions/ARCHITECT_BASE_SYSTEMS_DESIGN_MANDATE.md","PROMOTE_TO_CANONICAL_GOVERNANCE","07-DIRECTIVES_AND_DECISIONS","07-DIRECTIVES_AND_DECISIONS"
53,"_COMMUNICATION/_Architects_Decisions/ARCHITECT_BATCH_1_CLOSURE_MANDATE.md","PROMOTE_TO_CANONICAL_GOVERNANCE","07-DIRECTIVES_AND_DECISIONS","07-DIRECTIVES_AND_DECISIONS"
54,"_COMMUNICATION/_Architects_Decisions/ARCHITECT_BROKER_REFERENCE_MANDATE.md","PROMOTE_TO_CANONICAL_GOVERNANCE","07-DIRECTIVES_AND_DECISIONS","07-DIRECTIVES_AND_DECISIONS"
55,"_COMMUNICATION/_Architects_Decisions/ARCHITECT_D16_IMPLEMENTATION_MANDATE.md","PROMOTE_TO_CANONICAL_GOVERNANCE","07-DIRECTIVES_AND_DECISIONS","07-DIRECTIVES_AND_DECISIONS"
56,"_COMMUNICATION/_Architects_Decisions/ARCHITECT_DECISION_TEMPLATE.md","PROMOTE_TO_CANONICAL_GOVERNANCE","06-TEMPLATES","06-TEMPLATES"
57,"_COMMUNICATION/_Architects_Decisions/ARCHITECT_DECISION_TEMPLATE_STANDARD.md","PROMOTE_TO_CANONICAL_GOVERNANCE","06-TEMPLATES","06-TEMPLATES"
58,"_COMMUNICATION/_Architects_Decisions/ARCHITECT_DESIGN_CONTRACTS_MANDATE.md","PROMOTE_TO_CANONICAL_GOVERNANCE","05-CONTRACTS","05-CONTRACTS"
59,"_COMMUNICATION/_Architects_Decisions/ARCHITECT_DIRECTIVE_AUTH_FIX.md","PROMOTE_TO_CANONICAL_GOVERNANCE","07-DIRECTIVES_AND_DECISIONS","07-DIRECTIVES_AND_DECISIONS"
60,"_COMMUNICATION/_Architects_Decisions/ARCHITECT_DIRECTIVE_FOOTER_STRATEGY.md","PROMOTE_TO_CANONICAL_GOVERNANCE","07-DIRECTIVES_AND_DECISIONS","07-DIRECTIVES_AND_DECISIONS"
61,"_COMMUNICATION/_Architects_Decisions/ARCHITECT_DIRECTIVE_GOVERNANCE_STRENGTHENING.md","PROMOTE_TO_CANONICAL_GOVERNANCE","07-DIRECTIVES_AND_DECISIONS","07-DIRECTIVES_AND_DECISIONS"
62,"_COMMUNICATION/_Architects_Decisions/ARCHITECT_DIRECTIVE_TABLES_REACT.md","PROMOTE_TO_CANONICAL_GOVERNANCE","07-DIRECTIVES_AND_DECISIONS","07-DIRECTIVES_AND_DECISIONS"
63,"_COMMUNICATION/_Architects_Decisions/ARCHITECT_DIRECTIVE_TABLES_V2_FINAL.md","PROMOTE_TO_CANONICAL_GOVERNANCE","07-DIRECTIVES_AND_DECISIONS","07-DIRECTIVES_AND_DECISIONS"
64,"_COMMUNICATION/_Architects_Decisions/ARCHITECT_DIRECTIVE_VALIDATION_FINAL.md","PROMOTE_TO_CANONICAL_GOVERNANCE","07-DIRECTIVES_AND_DECISIONS","07-DIRECTIVES_AND_DECISIONS"
65,"_COMMUNICATION/_Architects_Decisions/ARCHITECT_DIRECTIVE_VALIDATION_HYBRID.md","PROMOTE_TO_CANONICAL_GOVERNANCE","07-DIRECTIVES_AND_DECISIONS","07-DIRECTIVES_AND_DECISIONS"
66,"_COMMUNICATION/_Architects_Decisions/ARCHITECT_DOCS_INTEGRITY_MANDATE.md","PROMOTE_TO_CANONICAL_GOVERNANCE","07-DIRECTIVES_AND_DECISIONS","07-DIRECTIVES_AND_DECISIONS"
67,"_COMMUNICATION/_Architects_Decisions/ARCHITECT_DRIFT_FIX_MANDATE.md","PROMOTE_TO_CANONICAL_GOVERNANCE","07-DIRECTIVES_AND_DECISIONS","07-DIRECTIVES_AND_DECISIONS"
68,"_COMMUNICATION/_Architects_Decisions/ARCHITECT_GOVERNANCE_PROCEDURES_V2.md","PROMOTE_TO_CANONICAL_GOVERNANCE","04-PROCEDURES","04-PROCEDURES"
69,"_COMMUNICATION/_Architects_Decisions/ARCHITECT_HEADER_UNIFICATION_MANDATE.md","PROMOTE_TO_CANONICAL_GOVERNANCE","07-DIRECTIVES_AND_DECISIONS","07-DIRECTIVES_AND_DECISIONS"
70,"_COMMUNICATION/_Architects_Decisions/ARCHITECT_INFRASTRUCTURE_RETROFIT_MANDATE.md","PROMOTE_TO_CANONICAL_GOVERNANCE","07-DIRECTIVES_AND_DECISIONS","07-DIRECTIVES_AND_DECISIONS"
71,"_COMMUNICATION/_Architects_Decisions/ARCHITECT_KNOWLEDGE_PROMOTION_PROTOCOL.md","PROMOTE_TO_CANONICAL_GOVERNANCE","03-PROTOCOLS","03-PROTOCOLS"
72,"_COMMUNICATION/_Architects_Decisions/ARCHITECT_MANDATE_NAMING_CONVENTION.md","PROMOTE_TO_CANONICAL_GOVERNANCE","07-DIRECTIVES_AND_DECISIONS","07-DIRECTIVES_AND_DECISIONS"
73,"_COMMUNICATION/_Architects_Decisions/ARCHITECT_MANDATE_SINGULAR_NAMING.md","PROMOTE_TO_CANONICAL_GOVERNANCE","07-DIRECTIVES_AND_DECISIONS","07-DIRECTIVES_AND_DECISIONS"
74,"_COMMUNICATION/_Architects_Decisions/ARCHITECT_P0_RED_MANDATE.md","PROMOTE_TO_CANONICAL_GOVERNANCE","07-DIRECTIVES_AND_DECISIONS","07-DIRECTIVES_AND_DECISIONS"
75,"_COMMUNICATION/_Architects_Decisions/ARCHITECT_PHASE_2_CLOSURE_MANDATE.md","PROMOTE_TO_CANONICAL_GOVERNANCE","07-DIRECTIVES_AND_DECISIONS","07-DIRECTIVES_AND_DECISIONS"
76,"_COMMUNICATION/_Architects_Decisions/ARCHITECT_PHASE_2_EXECUTION_MANDATE.md","PROMOTE_TO_CANONICAL_GOVERNANCE","07-DIRECTIVES_AND_DECISIONS","07-DIRECTIVES_AND_DECISIONS"
77,"_COMMUNICATION/_Architects_Decisions/ARCHITECT_PHASE_2_FULL_KICKOFF_MANDATE.md","PROMOTE_TO_CANONICAL_GOVERNANCE","07-DIRECTIVES_AND_DECISIONS","07-DIRECTIVES_AND_DECISIONS"
78,"_COMMUNICATION/_Architects_Decisions/ARCHITECT_PHASE_2_FULL_RELEASE_MANDATE.md","PROMOTE_TO_CANONICAL_GOVERNANCE","07-DIRECTIVES_AND_DECISIONS","07-DIRECTIVES_AND_DECISIONS"
79,"_COMMUNICATION/_Architects_Decisions/ARCHITECT_PHASE_2_KICKOFF_MANDATE.md","PROMOTE_TO_CANONICAL_GOVERNANCE","07-DIRECTIVES_AND_DECISIONS","07-DIRECTIVES_AND_DECISIONS"
80,"_COMMUNICATION/_Architects_Decisions/ARCHITECT_PHASE_2_REFINED_MANDATE.md","PROMOTE_TO_CANONICAL_GOVERNANCE","07-DIRECTIVES_AND_DECISIONS","07-DIRECTIVES_AND_DECISIONS"
81,"_COMMUNICATION/_Architects_Decisions/ARCHITECT_PHASE_2_STEP_1_CLOSURE_DIRECTIVE.md","PROMOTE_TO_CANONICAL_GOVERNANCE","07-DIRECTIVES_AND_DECISIONS","07-DIRECTIVES_AND_DECISIONS"
82,"_COMMUNICATION/_Architects_Decisions/ARCHITECT_PHASE_2_UNIFIED_CLOSURE_MANDATE.md","PROMOTE_TO_CANONICAL_GOVERNANCE","07-DIRECTIVES_AND_DECISIONS","07-DIRECTIVES_AND_DECISIONS"
83,"_COMMUNICATION/_Architects_Decisions/ARCHITECT_POLICY_HYBRID_SCRIPTS.md","PROMOTE_TO_CANONICAL_GOVERNANCE","02-POLICIES","02-POLICIES"
84,"_COMMUNICATION/_Architects_Decisions/ARCHITECT_PRE_CODING_MAPPING_MANDATE.md","PROMOTE_TO_CANONICAL_GOVERNANCE","07-DIRECTIVES_AND_DECISIONS","07-DIRECTIVES_AND_DECISIONS"
85,"_COMMUNICATION/_Architects_Decisions/ARCHITECT_TRADING_ACCOUNTS_RED_FIX_MANDATE.md","PROMOTE_TO_CANONICAL_GOVERNANCE","07-DIRECTIVES_AND_DECISIONS","07-DIRECTIVES_AND_DECISIONS"
86,"_COMMUNICATION/_Architects_Decisions/ARCHITECT_VERDICT_PAGE_TEMPLATE_AND_FACTORY.md","PROMOTE_TO_CANONICAL_GOVERNANCE","06-TEMPLATES","06-TEMPLATES"
87,"_COMMUNICATION/_Architects_Decisions/ARCHITECT_WORK_PLAN_APPROVAL.md","PROMOTE_TO_CANONICAL_GOVERNANCE","09-OTHER_GOVERNANCE","08-WORKING_VALIDATION_RECORDS"
88,"_COMMUNICATION/_Architects_Decisions/BATCH_2_5_COMPLETIONS_MANDATE.md","PROMOTE_TO_CANONICAL_GOVERNANCE","07-DIRECTIVES_AND_DECISIONS","07-DIRECTIVES_AND_DECISIONS"
89,"_COMMUNICATION/_Architects_Decisions/GATE_0_GATE_1_CANONICAL_DESIGN_GATES_LOCK.md","PROMOTE_TO_CANONICAL_GOVERNANCE","09-OTHER_GOVERNANCE","01-FOUNDATIONS"
90,"_COMMUNICATION/_Architects_Decisions/MISSION_DIRECTIVE_90_02_FINAL.md","PROMOTE_TO_CANONICAL_GOVERNANCE","07-DIRECTIVES_AND_DECISIONS","07-DIRECTIVES_AND_DECISIONS"
91,"_COMMUNICATION/_Architects_Decisions/PHOENIX_MASTER_SSM_v1.0.0.md","PROMOTE_TO_CANONICAL_GOVERNANCE","01-FOUNDATIONS","01-FOUNDATIONS"
92,"_COMMUNICATION/_Architects_Decisions/PHOENIX_MASTER_WSM_v1.0.0.md","PROMOTE_TO_CANONICAL_GOVERNANCE","01-FOUNDATIONS","01-FOUNDATIONS"
93,"_COMMUNICATION/_Architects_Decisions/TEAM_70_DIRECTIVE_NARRATIVE_PRODUCTION.md","PROMOTE_TO_CANONICAL_GOVERNANCE","07-DIRECTIVES_AND_DECISIONS","07-DIRECTIVES_AND_DECISIONS"
94,"_COMMUNICATION/_POC_ARTIFACT_SAMPLE/TEAM_10_MB3A_ALERTS_GATE_KP_AND_SEAL.md","REVIEW_REQUIRED","09-OTHER_GOVERNANCE","07-DIRECTIVES_AND_DECISIONS"
95,"_COMMUNICATION/_POC_ARTIFACT_SAMPLE/TEAM_90_TO_TEAM_10_MB3A_ALERTS_GATE_B_PASS.md","REVIEW_REQUIRED","09-OTHER_GOVERNANCE","08-WORKING_VALIDATION_RECORDS"
96,"_COMMUNICATION/team_10/PHOENIX_COMMAND_ADR_TEMPLATE_GOVERNANCE_ADOPTION_LOCKED.md","WORKING_OR_THREAD_ARTIFACT","06-TEMPLATES","06-TEMPLATES"
97,"_COMMUNICATION/team_10/TEAM_10_CLEAN_TABLE_PROTOCOL.md","WORKING_OR_THREAD_ARTIFACT","03-PROTOCOLS","03-PROTOCOLS"
98,"_COMMUNICATION/team_10/TEAM_10_GATEWAY_ROLE_AND_PROCESS.md","WORKING_OR_THREAD_ARTIFACT","04-PROCEDURES","04-PROCEDURES"
99,"_COMMUNICATION/team_10/TEAM_10_GATE_B_MD_SETTINGS_BLOCKED_AND_CLOSURE_REQUIREMENTS.md","WORKING_OR_THREAD_ARTIFACT","09-OTHER_GOVERNANCE","07-DIRECTIVES_AND_DECISIONS"
100,"_COMMUNICATION/team_10/TEAM_10_GOVERNANCE_REFRESH_ADOPTION_CONFIRMATION.md","WORKING_OR_THREAD_ARTIFACT","09-OTHER_GOVERNANCE","08-WORKING_VALIDATION_RECORDS"
101,"_COMMUNICATION/team_10/TEAM_10_GOVERNANCE_RELOCK_READINESS_CONFIRMATION.md","WORKING_OR_THREAD_ARTIFACT","09-OTHER_GOVERNANCE","08-WORKING_VALIDATION_RECORDS"
102,"_COMMUNICATION/team_10/TEAM_10_KNOWLEDGE_PROMOTION_WORKFLOW.md","WORKING_OR_THREAD_ARTIFACT","04-PROCEDURES","04-PROCEDURES"
103,"_COMMUNICATION/team_10/TEAM_10_MASTER_TASK_LIST_PROTOCOL.md","WORKING_OR_THREAD_ARTIFACT","03-PROTOCOLS","03-PROTOCOLS"
104,"_COMMUNICATION/team_10/TEAM_10_MD_SETTINGS_GATE_B_READY_AND_ACTIVATION_PROMPTS.md","WORKING_OR_THREAD_ARTIFACT","09-OTHER_GOVERNANCE","08-WORKING_VALIDATION_RECORDS"
105,"_COMMUNICATION/team_10/TEAM_10_TO_ALL_TEAMS_PHOENIX_DOCUMENTATION_GOVERNANCE_ADOPTION_NOTICE.md","WORKING_OR_THREAD_ARTIFACT","09-OTHER_GOVERNANCE","08-WORKING_VALIDATION_RECORDS"
106,"_COMMUNICATION/team_10/TEAM_10_TO_TEAMS_20_30_50_60_MD_SETTINGS_GATE_B_PASS_UPDATE.md","WORKING_OR_THREAD_ARTIFACT","09-OTHER_GOVERNANCE","08-WORKING_VALIDATION_RECORDS"
107,"_COMMUNICATION/team_10/TEAM_10_TO_TEAM_170_SSM_CANONICAL_REPLACEMENT_ACK.md","WORKING_OR_THREAD_ARTIFACT","01-FOUNDATIONS","01-FOUNDATIONS"
108,"_COMMUNICATION/team_10/TEAM_10_TO_TEAM_20_D35_RICH_TEXT_ATTACHMENTS_MANDATE.md","WORKING_OR_THREAD_ARTIFACT","07-DIRECTIVES_AND_DECISIONS","07-DIRECTIVES_AND_DECISIONS"
109,"_COMMUNICATION/team_10/TEAM_10_TO_TEAM_20_MARKET_DATA_SETTINGS_UI_MANDATE.md","WORKING_OR_THREAD_ARTIFACT","07-DIRECTIVES_AND_DECISIONS","07-DIRECTIVES_AND_DECISIONS"
110,"_COMMUNICATION/team_10/TEAM_10_TO_TEAM_30_D35_RICH_TEXT_ATTACHMENTS_MANDATE.md","WORKING_OR_THREAD_ARTIFACT","07-DIRECTIVES_AND_DECISIONS","07-DIRECTIVES_AND_DECISIONS"
111,"_COMMUNICATION/team_10/TEAM_10_TO_TEAM_30_MARKET_DATA_SETTINGS_UI_MANDATE.md","WORKING_OR_THREAD_ARTIFACT","07-DIRECTIVES_AND_DECISIONS","07-DIRECTIVES_AND_DECISIONS"
112,"_COMMUNICATION/team_10/TEAM_10_TO_TEAM_31_MB3A_GATE0_ALERTS_PREP_REQUEST.md","WORKING_OR_THREAD_ARTIFACT","08-WORKING_VALIDATION_RECORDS","08-WORKING_VALIDATION_RECORDS"
113,"_COMMUNICATION/team_10/TEAM_10_TO_TEAM_50_D35_RICH_TEXT_ATTACHMENTS_MANDATE.md","WORKING_OR_THREAD_ARTIFACT","07-DIRECTIVES_AND_DECISIONS","07-DIRECTIVES_AND_DECISIONS"
114,"_COMMUNICATION/team_10/TEAM_10_TO_TEAM_50_MARKET_DATA_SETTINGS_UI_MANDATE.md","WORKING_OR_THREAD_ARTIFACT","07-DIRECTIVES_AND_DECISIONS","07-DIRECTIVES_AND_DECISIONS"
115,"_COMMUNICATION/team_10/TEAM_10_TO_TEAM_50_MB3A_ALERTS_GATE_A_ACK.md","WORKING_OR_THREAD_ARTIFACT","08-WORKING_VALIDATION_RECORDS","08-WORKING_VALIDATION_RECORDS"
116,"_COMMUNICATION/team_10/TEAM_10_TO_TEAM_50_MB3A_ALERTS_GATE_A_QA_REQUEST.md","WORKING_OR_THREAD_ARTIFACT","08-WORKING_VALIDATION_RECORDS","08-WORKING_VALIDATION_RECORDS"
117,"_COMMUNICATION/team_10/TEAM_10_TO_TEAM_50_MB3A_NOTES_GATE_A_QA_REQUEST.md","WORKING_OR_THREAD_ARTIFACT","08-WORKING_VALIDATION_RECORDS","08-WORKING_VALIDATION_RECORDS"
118,"_COMMUNICATION/team_10/TEAM_10_TO_TEAM_60_D35_RICH_TEXT_ATTACHMENTS_MANDATE.md","WORKING_OR_THREAD_ARTIFACT","07-DIRECTIVES_AND_DECISIONS","07-DIRECTIVES_AND_DECISIONS"
119,"_COMMUNICATION/team_10/TEAM_10_TO_TEAM_60_MARKET_DATA_SETTINGS_UI_MANDATE.md","WORKING_OR_THREAD_ARTIFACT","07-DIRECTIVES_AND_DECISIONS","07-DIRECTIVES_AND_DECISIONS"
120,"_COMMUNICATION/team_10/TEAM_10_TO_TEAM_90_MARKET_DATA_SETTINGS_UI_GATE_B_REQUEST.md","WORKING_OR_THREAD_ARTIFACT","08-WORKING_VALIDATION_RECORDS","08-WORKING_VALIDATION_RECORDS"
121,"_COMMUNICATION/team_10/TEAM_10_TO_TEAM_90_MARKET_DATA_SETTINGS_UI_GATE_B_RE_REQUEST.md","WORKING_OR_THREAD_ARTIFACT","08-WORKING_VALIDATION_RECORDS","08-WORKING_VALIDATION_RECORDS"
122,"_COMMUNICATION/team_10/TEAM_10_TO_TEAM_90_MB3A_ALERTS_GATE_B_REQUEST.md","WORKING_OR_THREAD_ARTIFACT","08-WORKING_VALIDATION_RECORDS","08-WORKING_VALIDATION_RECORDS"
123,"_COMMUNICATION/team_10/TEAM_10_TO_TEAM_90_MB3A_NOTES_GATE_B_REQUEST.md","WORKING_OR_THREAD_ARTIFACT","08-WORKING_VALIDATION_RECORDS","08-WORKING_VALIDATION_RECORDS"
124,"_COMMUNICATION/team_10/TEAM_170_INTAKE_PACKAGE_2026-02-18/03_governance/GOVERNANCE_SOURCE_MATRIX.md","WORKING_OR_THREAD_ARTIFACT","08-WORKING_VALIDATION_RECORDS","08-WORKING_VALIDATION_RECORDS"
125,"_COMMUNICATION/team_100/ARCHITECT_APPROVAL_PACKET_DEV_DEPARTMENT_TARGET.md","WORKING_OR_THREAD_ARTIFACT","08-WORKING_VALIDATION_RECORDS","08-WORKING_VALIDATION_RECORDS"
126,"_COMMUNICATION/team_100/ARCHITECT_MANDATE_AGENT_ORCHESTRATION_TEAM_100.md","WORKING_OR_THREAD_ARTIFACT","07-DIRECTIVES_AND_DECISIONS","07-DIRECTIVES_AND_DECISIONS"
127,"_COMMUNICATION/team_100/ARCHITECT_MANDATE_AGENT_ORCHESTRATION_TEAM_100_v1.0.md","WORKING_OR_THREAD_ARTIFACT","07-DIRECTIVES_AND_DECISIONS","07-DIRECTIVES_AND_DECISIONS"
128,"_COMMUNICATION/team_100/ARCHITECT_SUBMISSION_BUNDLE_DEV_DEPT_TARGET_v1.1/ARCHITECT_APPROVAL_PACKET_DEV_DEPARTMENT_TARGET_v1.1.md","WORKING_OR_THREAD_ARTIFACT","08-WORKING_VALIDATION_RECORDS","08-WORKING_VALIDATION_RECORDS"
129,"_COMMUNICATION/team_100/ARCHITECT_SUBMISSION_BUNDLE_DEV_DEPT_TARGET_v1.1/ARCHITECT_DIRECTIVE_GOVERNANCE_STRENGTHENING.md","WORKING_OR_THREAD_ARTIFACT","07-DIRECTIVES_AND_DECISIONS","07-DIRECTIVES_AND_DECISIONS"
130,"_COMMUNICATION/team_100/ARCHITECT_SUBMISSION_BUNDLE_DEV_OS_TARGET_v1.2/ARCHITECT_APPROVAL_PACKET_DEV_DEPT_TARGET_v1.2.md","WORKING_OR_THREAD_ARTIFACT","08-WORKING_VALIDATION_RECORDS","08-WORKING_VALIDATION_RECORDS"
131,"_COMMUNICATION/team_100/ARCHITECT_SUBMISSION_BUNDLE_DEV_OS_TARGET_v1.2/ARCHITECT_DIRECTIVE_GOVERNANCE_STRENGTHENING.md","WORKING_OR_THREAD_ARTIFACT","07-DIRECTIVES_AND_DECISIONS","07-DIRECTIVES_AND_DECISIONS"
132,"_COMMUNICATION/team_100/ARCHITECT_SUBMISSION_BUNDLE_DEV_OS_TARGET_v1.2/ARTIFACT_TAXONOMY_REGISTRY_v1.0.md","WORKING_OR_THREAD_ARTIFACT","01-FOUNDATIONS","01-FOUNDATIONS"
133,"_COMMUNICATION/team_100/ARCHITECT_SUBMISSION_BUNDLE_DEV_OS_TARGET_v1.2/RETRY_AND_CLARIFICATION_PROTOCOL_v1.0.md","WORKING_OR_THREAD_ARTIFACT","03-PROTOCOLS","03-PROTOCOLS"
134,"_COMMUNICATION/team_100/DEV_OS_TARGET_MODEL_CANONICAL_v1.3.1/00_INDEX_CANONICAL.md","PROMOTE_TO_CANONICAL_GOVERNANCE","09-OTHER_GOVERNANCE","01-FOUNDATIONS"
135,"_COMMUNICATION/team_100/DEV_OS_TARGET_MODEL_CANONICAL_v1.3.1/03_ARTIFACT_TAXONOMY_REGISTRY.md","PROMOTE_TO_CANONICAL_GOVERNANCE","01-FOUNDATIONS","01-FOUNDATIONS"
136,"_COMMUNICATION/team_100/DEV_OS_TARGET_MODEL_CANONICAL_v1.3.1/04_GATE_MODEL_PROTOCOL.md","PROMOTE_TO_CANONICAL_GOVERNANCE","01-FOUNDATIONS","01-FOUNDATIONS"
137,"_COMMUNICATION/team_100/DEV_OS_TARGET_MODEL_CANONICAL_v1.3.1/04_GATE_MODEL_PROTOCOL_v2.0.0.md","PROMOTE_TO_CANONICAL_GOVERNANCE","01-FOUNDATIONS","01-FOUNDATIONS"
138,"_COMMUNICATION/team_100/DEV_OS_TARGET_MODEL_CANONICAL_v1.3.1/04_GATE_MODEL_PROTOCOL_v2.2.0.md","PROMOTE_TO_CANONICAL_GOVERNANCE","01-FOUNDATIONS","01-FOUNDATIONS"
139,"_COMMUNICATION/team_100/DEV_OS_TARGET_MODEL_CANONICAL_v1.3.1/04_GATE_MODEL_PROTOCOL_v2.3.0.md","PROMOTE_TO_CANONICAL_GOVERNANCE","01-FOUNDATIONS","01-FOUNDATIONS"
140,"_COMMUNICATION/team_100/DEV_OS_TARGET_MODEL_CANONICAL_v1.3.1/05_RETRY_PROTOCOL.md","PROMOTE_TO_CANONICAL_GOVERNANCE","03-PROTOCOLS","03-PROTOCOLS"
141,"_COMMUNICATION/team_100/DEV_OS_TARGET_MODEL_CANONICAL_v1.3.1/07_TEAM_190_CONSTITUTION.md","PROMOTE_TO_CANONICAL_GOVERNANCE","01-FOUNDATIONS","01-FOUNDATIONS"
142,"_COMMUNICATION/team_100/DEV_OS_TARGET_MODEL_CANONICAL_v1.3.1/08_EXEC_SUMMARY_STANDARD.md","PROMOTE_TO_CANONICAL_GOVERNANCE","09-OTHER_GOVERNANCE","08-WORKING_VALIDATION_RECORDS"
143,"_COMMUNICATION/team_100/DEV_OS_TARGET_MODEL_CANONICAL_v1.3.1/09_TECHNICAL_REPORT_STANDARD.md","PROMOTE_TO_CANONICAL_GOVERNANCE","08-WORKING_VALIDATION_RECORDS","08-WORKING_VALIDATION_RECORDS"
144,"_COMMUNICATION/team_100/DEV_OS_TARGET_MODEL_CANONICAL_v1.3.1/PHOENIX_DEV_OS_FULL_HANDOFF_v1.0/03_IRON_RULES_AND_GOVERNANCE_CONSTITUTION.md","PROMOTE_TO_CANONICAL_GOVERNANCE","01-FOUNDATIONS","01-FOUNDATIONS"
145,"_COMMUNICATION/team_100/PHOENIX_DEV_OS_FULL_HANDOFF_v1.0/03_IRON_RULES_AND_GOVERNANCE_CONSTITUTION.md","WORKING_OR_THREAD_ARTIFACT","01-FOUNDATIONS","01-FOUNDATIONS"
146,"_COMMUNICATION/team_100/TEAM_100_ARCH_APPROVAL_PACKAGE_FORMAT_LOCK_v1.0.0.md","WORKING_OR_THREAD_ARTIFACT","08-WORKING_VALIDATION_RECORDS","08-WORKING_VALIDATION_RECORDS"
147,"_COMMUNICATION/team_100/TEAM_100_GATE_0_GATE_1_CANONICAL_DESIGN_GATES_MANDATE.md","WORKING_OR_THREAD_ARTIFACT","07-DIRECTIVES_AND_DECISIONS","07-DIRECTIVES_AND_DECISIONS"
148,"_COMMUNICATION/team_100/TEAM_100_RETURN_FOR_CANONICAL_UPDATE_v2.2.0.md","WORKING_OR_THREAD_ARTIFACT","09-OTHER_GOVERNANCE","08-WORKING_VALIDATION_RECORDS"
149,"_COMMUNICATION/team_100/TEAM_100_TO_170_190_GATE_RENUMBERING_v2.0.0.md","WORKING_OR_THREAD_ARTIFACT","09-OTHER_GOVERNANCE","07-DIRECTIVES_AND_DECISIONS"
150,"_COMMUNICATION/team_100/TEAM_100_TO_170_SSM_FINAL_LOCK_v1.0.0.md","WORKING_OR_THREAD_ARTIFACT","01-FOUNDATIONS","01-FOUNDATIONS"
151,"_COMMUNICATION/team_100/TEAM_100_TO_ALL_ARCHITECTURE_TEAMS_GATE_AND_IDENTITY_FREEZE.md","WORKING_OR_THREAD_ARTIFACT","02-POLICIES","02-POLICIES"
152,"_COMMUNICATION/team_100/TEAM_100_TO_TEAM_170_CONTEXT_BOUNDARY_RULE_UPDATE_DIRECTIVE_v1.0.0.md","WORKING_OR_THREAD_ARTIFACT","07-DIRECTIVES_AND_DECISIONS","07-DIRECTIVES_AND_DECISIONS"
153,"_COMMUNICATION/team_100/TEAM_100_TO_TEAM_170_DOMAIN_REFACTOR_DIRECTIVE_v1.0.0.md","WORKING_OR_THREAD_ARTIFACT","07-DIRECTIVES_AND_DECISIONS","07-DIRECTIVES_AND_DECISIONS"
154,"_COMMUNICATION/team_100/TEAM_100_TO_TEAM_170_WSM_OPERATIONAL_STATE_PROTOCOL_v1.0.0.md","WORKING_OR_THREAD_ARTIFACT","01-FOUNDATIONS","01-FOUNDATIONS"
155,"_COMMUNICATION/team_100/TEAM_100_TO_TEAM_190_WSM_OPERATIONAL_STATE_VALIDATION_v1.0.0.md","WORKING_OR_THREAD_ARTIFACT","01-FOUNDATIONS","01-FOUNDATIONS"
156,"_COMMUNICATION/team_170/ARCHITECTURAL_APPROVAL_PROTOCOL_FORMALIZATION_v1.0.0.md","WORKING_OR_THREAD_ARTIFACT","03-PROTOCOLS","03-PROTOCOLS"
157,"_COMMUNICATION/team_170/ARCH_APPROVAL_EXECUTION_SUBMISSION_TEMPLATE_CANONICAL_v1.0.0.md","WORKING_OR_THREAD_ARTIFACT","06-TEMPLATES","06-TEMPLATES"
158,"_COMMUNICATION/team_170/ARCH_APPROVAL_PROTOCOL_DIFF_SUMMARY_2026-02-21.md","WORKING_OR_THREAD_ARTIFACT","03-PROTOCOLS","03-PROTOCOLS"
159,"_COMMUNICATION/team_170/ARCH_APPROVAL_SPEC_SUBMISSION_TEMPLATE_CANONICAL_v1.0.0.md","WORKING_OR_THREAD_ARTIFACT","06-TEMPLATES","06-TEMPLATES"
160,"_COMMUNICATION/team_170/CANONICAL_RULE_DECISION_GATE_ID_PRE_GATE3.md","WORKING_OR_THREAD_ARTIFACT","07-DIRECTIVES_AND_DECISIONS","07-DIRECTIVES_AND_DECISIONS"
161,"_COMMUNICATION/team_170/CANONICAL_STRUCTURAL_UPDATE_CHANGELOG_v2.2.0.md","WORKING_OR_THREAD_ARTIFACT","09-OTHER_GOVERNANCE","99-ARCHIVE"
162,"_COMMUNICATION/team_170/CANONICAL_TEMPLATES_v2.2.0/00_IDENTITY_HEADER_BLOCK.md","WORKING_OR_THREAD_ARTIFACT","09-OTHER_GOVERNANCE","07-DIRECTIVES_AND_DECISIONS"
163,"_COMMUNICATION/team_170/CANONICAL_TEMPLATES_v2.2.0/02_GATE_SUBMISSION_PACKAGE.md","WORKING_OR_THREAD_ARTIFACT","08-WORKING_VALIDATION_RECORDS","08-WORKING_VALIDATION_RECORDS"
164,"_COMMUNICATION/team_170/CANONICAL_TEMPLATES_v2.2.0/06_GATE_TRANSITION_RECORD.md","WORKING_OR_THREAD_ARTIFACT","09-OTHER_GOVERNANCE","07-DIRECTIVES_AND_DECISIONS"
165,"_COMMUNICATION/team_170/DOMAIN_REFACTOR_EXECUTION_PLAYBOOK_v1.0.0.md","WORKING_OR_THREAD_ARTIFACT","09-OTHER_GOVERNANCE","01-FOUNDATIONS"
166,"_COMMUNICATION/team_170/GATE_2_SUPERSEDED_AND_ARCHIVE_PROCEDURE_v1.0.0.md","WORKING_OR_THREAD_ARTIFACT","04-PROCEDURES","04-PROCEDURES"
167,"_COMMUNICATION/team_170/GATE_MODEL_ALIGNMENT_ARCH_APPROVAL_2026-02-21.md","WORKING_OR_THREAD_ARTIFACT","09-OTHER_GOVERNANCE","01-FOUNDATIONS"
168,"_COMMUNICATION/team_170/GATE_MODEL_MIGRATION_REPORT_v2.0.0.md","WORKING_OR_THREAD_ARTIFACT","08-WORKING_VALIDATION_RECORDS","08-WORKING_VALIDATION_RECORDS"
169,"_COMMUNICATION/team_170/PHOENIX_MASTER_SSM_v1.0.0_CANDIDATE_AFTER_DELTA.md","WORKING_OR_THREAD_ARTIFACT","01-FOUNDATIONS","01-FOUNDATIONS"
170,"_COMMUNICATION/team_170/PHOENIX_MASTER_WSM_v1.1.0.md","WORKING_OR_THREAD_ARTIFACT","01-FOUNDATIONS","01-FOUNDATIONS"
171,"_COMMUNICATION/team_170/SSM_DELTA_PROPOSAL_v1.0.0.md","WORKING_OR_THREAD_ARTIFACT","01-FOUNDATIONS","01-FOUNDATIONS"
172,"_COMMUNICATION/team_170/SSM_STRUCTURAL_UPDATE_v2.2.0.md","WORKING_OR_THREAD_ARTIFACT","01-FOUNDATIONS","01-FOUNDATIONS"
173,"_COMMUNICATION/team_170/TEAM_100_GATE_0_1_REFINITION_DIRECTIVE_RECORD.md","WORKING_OR_THREAD_ARTIFACT","07-DIRECTIVES_AND_DECISIONS","07-DIRECTIVES_AND_DECISIONS"
174,"_COMMUNICATION/team_170/TEAM_170_ACK_TEAM_190_DIRECTIVE_EXPANDED_v1.1.0.md","WORKING_OR_THREAD_ARTIFACT","07-DIRECTIVES_AND_DECISIONS","07-DIRECTIVES_AND_DECISIONS"
175,"_COMMUNICATION/team_170/TEAM_170_ACK_TEAM_190_WSM_OPERATIONAL_STATE_VALIDATION_RESULT_v1.0.0.md","WORKING_OR_THREAD_ARTIFACT","01-FOUNDATIONS","01-FOUNDATIONS"
176,"_COMMUNICATION/team_170/TEAM_170_ARCH_APPROVAL_PACKAGE_FORMAT_LOCK_COMPLETION.md","WORKING_OR_THREAD_ARTIFACT","08-WORKING_VALIDATION_RECORDS","08-WORKING_VALIDATION_RECORDS"
177,"_COMMUNICATION/team_170/TEAM_170_CANONICAL_STRUCTURAL_UPDATE_v2.2.0_SUBMISSION_CONTENT_ORIGINAL.md","WORKING_OR_THREAD_ARTIFACT","08-WORKING_VALIDATION_RECORDS","08-WORKING_VALIDATION_RECORDS"
178,"_COMMUNICATION/team_170/TEAM_170_CONTEXT_BOUNDARY_RULE_UPDATE_DIRECTIVE_RECORD.md","WORKING_OR_THREAD_ARTIFACT","07-DIRECTIVES_AND_DECISIONS","07-DIRECTIVES_AND_DECISIONS"
179,"_COMMUNICATION/team_170/TEAM_170_DOMAIN_REFACTOR_DIRECTIVE_INTAKE_v1.0.0.md","WORKING_OR_THREAD_ARTIFACT","07-DIRECTIVES_AND_DECISIONS","07-DIRECTIVES_AND_DECISIONS"
180,"_COMMUNICATION/team_170/TEAM_170_SSM_APPROVAL_PROTOCOL_ADDENDUM_v1.0.0.md","WORKING_OR_THREAD_ARTIFACT","01-FOUNDATIONS","01-FOUNDATIONS"
181,"_COMMUNICATION/team_170/TEAM_170_SSM_FINAL_LOCK_UPDATE_v1.0.0_VALIDATION_HANDOFF.md","WORKING_OR_THREAD_ARTIFACT","01-FOUNDATIONS","01-FOUNDATIONS"
182,"_COMMUNICATION/team_170/TEAM_170_SSM_LOCK_AND_STRUCTURE_ALIGNMENT_MANDATE_ACK.md","WORKING_OR_THREAD_ARTIFACT","01-FOUNDATIONS","01-FOUNDATIONS"
183,"_COMMUNICATION/team_170/TEAM_170_SUBMISSION_ORIGINALS_AND_190_CONTRACT_PROCEDURE_v1.0.0.md","WORKING_OR_THREAD_ARTIFACT","04-PROCEDURES","04-PROCEDURES"
184,"_COMMUNICATION/team_170/TEAM_170_TO_TEAM_100_TEAM_190_ARCH_APPROVAL_PROTOCOL_DELIVERY.md","WORKING_OR_THREAD_ARTIFACT","03-PROTOCOLS","03-PROTOCOLS"
185,"_COMMUNICATION/team_170/TEAM_170_TO_TEAM_10_SSM_CANONICAL_REPLACEMENT_REQUEST.md","WORKING_OR_THREAD_ARTIFACT","01-FOUNDATIONS","01-FOUNDATIONS"
186,"_COMMUNICATION/team_170/TEAM_170_TO_TEAM_190_GATE_PROTOCOL_v2_3_0_INTEGRATION_VALIDATION_REQUEST.md","WORKING_OR_THREAD_ARTIFACT","03-PROTOCOLS","03-PROTOCOLS"
187,"_COMMUNICATION/team_170/TEAM_170_TO_TEAM_190_SPEC_PACKAGE_GATE5_SUBMISSION.md","WORKING_OR_THREAD_ARTIFACT","08-WORKING_VALIDATION_RECORDS","08-WORKING_VALIDATION_RECORDS"
188,"_COMMUNICATION/team_170/TEAM_170_TO_TEAM_190_SPEC_PACKAGE_v1.1.0_GATE5_SUBMISSION.md","WORKING_OR_THREAD_ARTIFACT","08-WORKING_VALIDATION_RECORDS","08-WORKING_VALIDATION_RECORDS"
189,"_COMMUNICATION/team_170/TEAM_170_TO_TEAM_190_SPEC_PACKAGE_v1.2.0_GATE5_SUBMISSION.md","WORKING_OR_THREAD_ARTIFACT","08-WORKING_VALIDATION_RECORDS","08-WORKING_VALIDATION_RECORDS"
190,"_COMMUNICATION/team_170/TEAM_170_TO_TEAM_190_SPEC_PACKAGE_v1.4.0_GATE5_SUBMISSION.md","WORKING_OR_THREAD_ARTIFACT","08-WORKING_VALIDATION_RECORDS","08-WORKING_VALIDATION_RECORDS"
191,"_COMMUNICATION/team_170/TEAM_170_TO_TEAM_190_WSM_OPERATIONAL_STATE_VALIDATION_REQUEST_v1.0.0.md","WORKING_OR_THREAD_ARTIFACT","01-FOUNDATIONS","01-FOUNDATIONS"
192,"_COMMUNICATION/team_170/WSM_PHASE_UPDATE_v1.0.0.md","WORKING_OR_THREAD_ARTIFACT","01-FOUNDATIONS","01-FOUNDATIONS"
193,"_COMMUNICATION/team_170/WSM_STRUCTURAL_UPDATE_v2.2.0.md","WORKING_OR_THREAD_ARTIFACT","01-FOUNDATIONS","01-FOUNDATIONS"
194,"_COMMUNICATION/team_170/WSM_TASK_STRUCTURE_L1_L2_L3_v1.0.0.md","WORKING_OR_THREAD_ARTIFACT","01-FOUNDATIONS","01-FOUNDATIONS"
195,"_COMMUNICATION/team_190/ARCHITECTURAL_APPROVAL_PACKAGE_TEMPLATE_v1.0.0.md","WORKING_OR_THREAD_ARTIFACT","06-TEMPLATES","06-TEMPLATES"
196,"_COMMUNICATION/team_190/ARCHITECTURAL_APPROVAL_PACKAGE_TEMPLATE_v1.0.0/DIRECTIVE_RECORD.md","WORKING_OR_THREAD_ARTIFACT","07-DIRECTIVES_AND_DECISIONS","07-DIRECTIVES_AND_DECISIONS"
197,"_COMMUNICATION/team_190/ARCHITECTURAL_APPROVAL_PACKAGE_TEMPLATE_v1.0.0/EXECUTION_SUBMISSION_TEMPLATE/DIRECTIVE_RECORD.md","WORKING_OR_THREAD_ARTIFACT","07-DIRECTIVES_AND_DECISIONS","07-DIRECTIVES_AND_DECISIONS"
198,"_COMMUNICATION/team_190/ARCHITECTURAL_APPROVAL_PACKAGE_TEMPLATE_v1.0.0/EXECUTION_SUBMISSION_TEMPLATE/PROCEDURE_AND_CONTRACT_REFERENCE.md","WORKING_OR_THREAD_ARTIFACT","04-PROCEDURES","04-PROCEDURES"
199,"_COMMUNICATION/team_190/ARCHITECTURAL_APPROVAL_PACKAGE_TEMPLATE_v1.0.0/EXECUTION_SUBMISSION_TEMPLATE/SSM_VERSION_REFERENCE.md","WORKING_OR_THREAD_ARTIFACT","01-FOUNDATIONS","01-FOUNDATIONS"
200,"_COMMUNICATION/team_190/ARCHITECTURAL_APPROVAL_PACKAGE_TEMPLATE_v1.0.0/EXECUTION_SUBMISSION_TEMPLATE/WSM_VERSION_REFERENCE.md","WORKING_OR_THREAD_ARTIFACT","01-FOUNDATIONS","01-FOUNDATIONS"
201,"_COMMUNICATION/team_190/ARCHITECTURAL_APPROVAL_PACKAGE_TEMPLATE_v1.0.0/PROCEDURE_AND_CONTRACT_REFERENCE.md","WORKING_OR_THREAD_ARTIFACT","04-PROCEDURES","04-PROCEDURES"
202,"_COMMUNICATION/team_190/ARCHITECTURAL_APPROVAL_PACKAGE_TEMPLATE_v1.0.0/SPEC_SUBMISSION_TEMPLATE/DIRECTIVE_RECORD.md","WORKING_OR_THREAD_ARTIFACT","07-DIRECTIVES_AND_DECISIONS","07-DIRECTIVES_AND_DECISIONS"
203,"_COMMUNICATION/team_190/ARCHITECTURAL_APPROVAL_PACKAGE_TEMPLATE_v1.0.0/SPEC_SUBMISSION_TEMPLATE/PROCEDURE_AND_CONTRACT_REFERENCE.md","WORKING_OR_THREAD_ARTIFACT","04-PROCEDURES","04-PROCEDURES"
204,"_COMMUNICATION/team_190/ARCHITECTURAL_APPROVAL_PACKAGE_TEMPLATE_v1.0.0/SPEC_SUBMISSION_TEMPLATE/SSM_VERSION_REFERENCE.md","WORKING_OR_THREAD_ARTIFACT","01-FOUNDATIONS","01-FOUNDATIONS"
205,"_COMMUNICATION/team_190/ARCHITECTURAL_APPROVAL_PACKAGE_TEMPLATE_v1.0.0/SPEC_SUBMISSION_TEMPLATE/WSM_VERSION_REFERENCE.md","WORKING_OR_THREAD_ARTIFACT","01-FOUNDATIONS","01-FOUNDATIONS"
206,"_COMMUNICATION/team_190/ARCHITECTURAL_APPROVAL_PACKAGE_TEMPLATE_v1.0.0/SSM_VERSION_REFERENCE.md","WORKING_OR_THREAD_ARTIFACT","01-FOUNDATIONS","01-FOUNDATIONS"
207,"_COMMUNICATION/team_190/ARCHITECTURAL_APPROVAL_PACKAGE_TEMPLATE_v1.0.0/WSM_VERSION_REFERENCE.md","WORKING_OR_THREAD_ARTIFACT","01-FOUNDATIONS","01-FOUNDATIONS"
208,"_COMMUNICATION/team_190/CANONICAL_STRUCTURAL_UPDATE_V2_2_0_CONSOLIDATED_VALIDATION_REPORT.md","WORKING_OR_THREAD_ARTIFACT","08-WORKING_VALIDATION_RECORDS","08-WORKING_VALIDATION_RECORDS"
209,"_COMMUNICATION/team_190/CHANNEL_10_90_CANONICAL_CONFIRMATION_v1.0.0.md","WORKING_OR_THREAD_ARTIFACT","09-OTHER_GOVERNANCE","08-WORKING_VALIDATION_RECORDS"
210,"_COMMUNICATION/team_190/CHANNEL_10_90_TEMPLATE_PROPOSAL_v1.0.0.md","WORKING_OR_THREAD_ARTIFACT","06-TEMPLATES","06-TEMPLATES"
211,"_COMMUNICATION/team_190/GATE_ENUM_CANONICAL_v1.0.0.md","WORKING_OR_THREAD_ARTIFACT","09-OTHER_GOVERNANCE","01-FOUNDATIONS"
212,"_COMMUNICATION/team_190/GATE_MODEL_REREVIEW_v2.0.0.md","WORKING_OR_THREAD_ARTIFACT","08-WORKING_VALIDATION_RECORDS","08-WORKING_VALIDATION_RECORDS"
213,"_COMMUNICATION/team_190/GATE_PROTOCOL_CANONICAL_UPDATE_v1.0.0.md","WORKING_OR_THREAD_ARTIFACT","03-PROTOCOLS","03-PROTOCOLS"
214,"_COMMUNICATION/team_190/GATE_RENUMBERING_V2_0_0_CONSTITUTIONAL_PRECHECK.md","WORKING_OR_THREAD_ARTIFACT","01-FOUNDATIONS","01-FOUNDATIONS"
215,"_COMMUNICATION/team_190/MB3A_ALERTS_WIDGET_SPEC_V1_0_1_CONSTITUTIONAL_REVIEW.md","WORKING_OR_THREAD_ARTIFACT","01-FOUNDATIONS","01-FOUNDATIONS"
216,"_COMMUNICATION/team_190/MB3A_POC_AGENT_OS_SPEC_PACKAGE_V1_0_0_CONSTITUTIONAL_REVIEW.md","WORKING_OR_THREAD_ARTIFACT","01-FOUNDATIONS","01-FOUNDATIONS"
217,"_COMMUNICATION/team_190/MB3A_POC_AGENT_OS_SPEC_PACKAGE_V1_2_0_CONSTITUTIONAL_REVIEW.md","WORKING_OR_THREAD_ARTIFACT","01-FOUNDATIONS","01-FOUNDATIONS"
218,"_COMMUNICATION/team_190/MB3A_POC_AGENT_OS_SPEC_PACKAGE_V1_3_0_V1_4_0_UNIFIED_CONSTITUTIONAL_REVIEW.md","WORKING_OR_THREAD_ARTIFACT","01-FOUNDATIONS","01-FOUNDATIONS"
219,"_COMMUNICATION/team_190/RETURN_TO_170_INCOMPLETE_PACKAGE_WSM_PHASE_UPDATE_v1.0.0.md","WORKING_OR_THREAD_ARTIFACT","01-FOUNDATIONS","01-FOUNDATIONS"
220,"_COMMUNICATION/team_190/TEAM_190_ACTIVATION_PACKAGE_2026-02-18/01_anchors/ARCHITECT_DIRECTIVE_GOVERNANCE_STRENGTHENING.md","WORKING_OR_THREAD_ARTIFACT","07-DIRECTIVES_AND_DECISIONS","07-DIRECTIVES_AND_DECISIONS"
221,"_COMMUNICATION/team_190/TEAM_190_ACTIVATION_PACKAGE_2026-02-18/01_anchors/CANONICAL_GOVERNANCE_ANCHORS.md","WORKING_OR_THREAD_ARTIFACT","09-OTHER_GOVERNANCE","01-FOUNDATIONS"
222,"_COMMUNICATION/team_190/TEAM_190_ACTIVATION_PACKAGE_2026-02-18/03_governance/GOVERNANCE_SOURCE_MATRIX.md","WORKING_OR_THREAD_ARTIFACT","08-WORKING_VALIDATION_RECORDS","08-WORKING_VALIDATION_RECORDS"
223,"_COMMUNICATION/team_190/TEAM_190_ACTIVATION_PACKAGE_2026-02-18/05_taxonomy/ARTIFACT_TAXONOMY_REGISTRY_v1.3.1.md","WORKING_OR_THREAD_ARTIFACT","01-FOUNDATIONS","01-FOUNDATIONS"
224,"_COMMUNICATION/team_190/TEAM_190_ACTIVATION_PACKAGE_2026-02-18/06_gates/GATE_PROTOCOL_STACK_v1.3.1.md","WORKING_OR_THREAD_ARTIFACT","03-PROTOCOLS","03-PROTOCOLS"
225,"_COMMUNICATION/team_190/TEAM_190_ACTIVATION_PACKAGE_2026-02-18/06_gates/TT2_QUALITY_ASSURANCE_GATE_PROTOCOL.md","WORKING_OR_THREAD_ARTIFACT","03-PROTOCOLS","03-PROTOCOLS"
226,"_COMMUNICATION/team_190/TEAM_190_ACTIVATION_PACKAGE_2026-02-18/07_constitution/IRON_RULES_CONSTITUTION_DRAFT_v1.3.1.md","WORKING_OR_THREAD_ARTIFACT","01-FOUNDATIONS","01-FOUNDATIONS"
227,"_COMMUNICATION/team_190/TEAM_190_ARCH_APPROVAL_PACKAGE_FORMAT_LOCK_VALIDATION_v1.0.0.md","WORKING_OR_THREAD_ARTIFACT","08-WORKING_VALIDATION_RECORDS","08-WORKING_VALIDATION_RECORDS"
228,"_COMMUNICATION/team_190/TEAM_190_ARCH_APPROVAL_PROTOCOL_FORMALIZATION_B1_REVALIDATION_CLOSEOUT_2026-02-21.md","WORKING_OR_THREAD_ARTIFACT","03-PROTOCOLS","03-PROTOCOLS"
229,"_COMMUNICATION/team_190/TEAM_190_ARCH_APPROVAL_PROTOCOL_FORMALIZATION_REREVIEW_2026-02-21.md","WORKING_OR_THREAD_ARTIFACT","03-PROTOCOLS","03-PROTOCOLS"
230,"_COMMUNICATION/team_190/TEAM_190_ARCH_APPROVAL_PROTOCOL_FORMALIZATION_REVALIDATION_2026-02-21.md","WORKING_OR_THREAD_ARTIFACT","03-PROTOCOLS","03-PROTOCOLS"
231,"_COMMUNICATION/team_190/TEAM_190_COMBINED_SSM_VALIDATION_REREVIEW_2026-02-21.md","WORKING_OR_THREAD_ARTIFACT","01-FOUNDATIONS","01-FOUNDATIONS"
232,"_COMMUNICATION/team_190/TEAM_190_COMBINED_SSM_VALIDATION_REVIEW_2026-02-21.md","WORKING_OR_THREAD_ARTIFACT","01-FOUNDATIONS","01-FOUNDATIONS"
233,"_COMMUNICATION/team_190/TEAM_190_GATE_5_VALIDATION_REPORT.md","WORKING_OR_THREAD_ARTIFACT","08-WORKING_VALIDATION_RECORDS","08-WORKING_VALIDATION_RECORDS"
234,"_COMMUNICATION/team_190/TEAM_190_GATE_PROTOCOL_V2_3_0_INTEGRATION_REVALIDATION_RESULT_2026-02-22.md","WORKING_OR_THREAD_ARTIFACT","03-PROTOCOLS","03-PROTOCOLS"
235,"_COMMUNICATION/team_190/TEAM_190_GATE_PROTOCOL_V2_3_0_INTEGRATION_VALIDATION_RESULT_2026-02-22.md","WORKING_OR_THREAD_ARTIFACT","03-PROTOCOLS","03-PROTOCOLS"
236,"_COMMUNICATION/team_190/TEAM_190_GATE_PROTOCOL_V2_3_0_OFFICIALIZATION_NOTICE_2026-02-22.md","WORKING_OR_THREAD_ARTIFACT","03-PROTOCOLS","03-PROTOCOLS"
237,"_COMMUNICATION/team_190/TEAM_190_INTERNAL_OPERATING_RULES.md","WORKING_OR_THREAD_ARTIFACT","04-PROCEDURES","04-PROCEDURES"
238,"_COMMUNICATION/team_190/TEAM_190_SUBMISSION_PACKAGE_CONTRACT_AND_PROCEDURE_v1.0.0.md","WORKING_OR_THREAD_ARTIFACT","04-PROCEDURES","04-PROCEDURES"
239,"_COMMUNICATION/team_190/TEAM_190_TO_ARCHITECT_PROCEDURE_AND_CONTRACT_REFERENCE_v1.0.0.md","WORKING_OR_THREAD_ARTIFACT","04-PROCEDURES","04-PROCEDURES"
240,"_COMMUNICATION/team_190/TEAM_190_TO_TEAM_170_DOMAIN_REFACTOR_DIRECTIVE_EXPANDED_v1.1.0.md","WORKING_OR_THREAD_ARTIFACT","07-DIRECTIVES_AND_DECISIONS","07-DIRECTIVES_AND_DECISIONS"
241,"_COMMUNICATION/team_190/TEAM_190_TO_TEAM_170_FULL_DRIFT_REMEDIATION_AND_GATE3_HOLD_2026-02-21.md","WORKING_OR_THREAD_ARTIFACT","09-OTHER_GOVERNANCE","07-DIRECTIVES_AND_DECISIONS"
242,"_COMMUNICATION/team_190/TEAM_190_TO_TEAM_170_GATE3_ORCHESTRATION_STANDARDIZATION_REMAND_v1.0.0.md","WORKING_OR_THREAD_ARTIFACT","09-OTHER_GOVERNANCE","07-DIRECTIVES_AND_DECISIONS"
243,"_COMMUNICATION/team_190/TEAM_190_TO_TEAM_170_GATE3_ORCHESTRATION_STANDARDIZATION_REMAND_v1.1.0.md","WORKING_OR_THREAD_ARTIFACT","09-OTHER_GOVERNANCE","07-DIRECTIVES_AND_DECISIONS"
244,"_COMMUNICATION/team_190/TEAM_190_TO_TEAM_170_WORKFLOW_PRECISION_ALIGNMENT_REQUEST_v1.0.0.md","WORKING_OR_THREAD_ARTIFACT","04-PROCEDURES","04-PROCEDURES"
245,"_COMMUNICATION/team_190/TEAM_190_WORKFLOW_PRECISION_ALIGNMENT_REREVIEW_2026-02-21.md","WORKING_OR_THREAD_ARTIFACT","04-PROCEDURES","04-PROCEDURES"
246,"_COMMUNICATION/team_190/TEAM_190_WORKFLOW_PRECISION_ALIGNMENT_REREVIEW_ADDENDUM_2026-02-21.md","WORKING_OR_THREAD_ARTIFACT","04-PROCEDURES","04-PROCEDURES"
247,"_COMMUNICATION/team_190/TEAM_190_WSM_OPERATIONAL_STATE_VALIDATION_REREVIEW_2026-02-22.md","WORKING_OR_THREAD_ARTIFACT","01-FOUNDATIONS","01-FOUNDATIONS"
248,"_COMMUNICATION/team_190/TEAM_190_WSM_OPERATIONAL_STATE_VALIDATION_RESULT_v1.0.0.md","WORKING_OR_THREAD_ARTIFACT","01-FOUNDATIONS","01-FOUNDATIONS"
249,"_COMMUNICATION/team_190/WSM_PHASE_UPDATE_V1_0_0_AND_PHOENIX_MASTER_WSM_V1_1_0_CONSTITUTIONAL_REVIEW.md","WORKING_OR_THREAD_ARTIFACT","01-FOUNDATIONS","01-FOUNDATIONS"
250,"_COMMUNICATION/team_20/TEAM_20_30_PDSC_SHARED_BOUNDARY_CONTRACT.md","WORKING_OR_THREAD_ARTIFACT","05-CONTRACTS","05-CONTRACTS"
251,"_COMMUNICATION/team_20/TEAM_20_BACKEND_RESTART_WORK_PROCEDURE.md","WORKING_OR_THREAD_ARTIFACT","04-PROCEDURES","04-PROCEDURES"
252,"_COMMUNICATION/team_20/TEAM_20_PDSC_ERROR_CONTRACT_SPECIFICATION.md","WORKING_OR_THREAD_ARTIFACT","05-CONTRACTS","05-CONTRACTS"
253,"_COMMUNICATION/team_20/TEAM_20_PDSC_RESPONSE_CONTRACT.md","WORKING_OR_THREAD_ARTIFACT","05-CONTRACTS","05-CONTRACTS"
254,"_COMMUNICATION/team_20/TEAM_20_TO_TEAM_100_TEAM_10_GOVERNANCE_RELOCK_ACK.md","WORKING_OR_THREAD_ARTIFACT","08-WORKING_VALIDATION_RECORDS","08-WORKING_VALIDATION_RECORDS"
255,"_COMMUNICATION/team_20/TEAM_20_TO_TEAM_10_ADR_TEMPLATE_GOVERNANCE_ACK.md","WORKING_OR_THREAD_ARTIFACT","06-TEMPLATES","06-TEMPLATES"
256,"_COMMUNICATION/team_31/TEAM_31_PAGE_TEMPLATE_README.md","WORKING_OR_THREAD_ARTIFACT","06-TEMPLATES","06-TEMPLATES"
257,"_COMMUNICATION/team_31/TEAM_31_TO_TEAM_10_MB3A_GATE0_NOTES_SCOPE_INPUT.md","WORKING_OR_THREAD_ARTIFACT","09-OTHER_GOVERNANCE","07-DIRECTIVES_AND_DECISIONS"
258,"_COMMUNICATION/team_31/team_31_staging/STANDARD_PAGE_BUILD_WORKFLOW.md","WORKING_OR_THREAD_ARTIFACT","04-PROCEDURES","04-PROCEDURES"
259,"_COMMUNICATION/team_31/team_31_staging/TEAM_31_WORKFLOW_PROCESS_V2.md","WORKING_OR_THREAD_ARTIFACT","04-PROCEDURES","04-PROCEDURES"
260,"_COMMUNICATION/team_40/TEAM_40_ADR_TEMPLATE_GOVERNANCE_ADOPTION.md","WORKING_OR_THREAD_ARTIFACT","06-TEMPLATES","06-TEMPLATES"
261,"_COMMUNICATION/team_50/TEAM_50_GATE_B_DETAILED_ERROR_REPORT_AND_VERIFICATION_GUIDE.md","WORKING_OR_THREAD_ARTIFACT","08-WORKING_VALIDATION_RECORDS","08-WORKING_VALIDATION_RECORDS"
262,"_COMMUNICATION/team_50/TEAM_50_QA_REPORT_FORMAT_STANDARD.md","WORKING_OR_THREAD_ARTIFACT","08-WORKING_VALIDATION_RECORDS","08-WORKING_VALIDATION_RECORDS"
263,"_COMMUNICATION/team_60/TEAM_60_TO_TEAM_10_ADR_TEMPLATE_GOVERNANCE_ACK.md","WORKING_OR_THREAD_ARTIFACT","06-TEMPLATES","06-TEMPLATES"
264,"_COMMUNICATION/team_60/TEAM_60_TO_TEAM_50_MD_SETTINGS_GATE_A_UNBLOCKED.md","WORKING_OR_THREAD_ARTIFACT","09-OTHER_GOVERNANCE","07-DIRECTIVES_AND_DECISIONS"
265,"_COMMUNICATION/team_70/TEAM_70_CONSTITUTIONAL_BLOCK_REMEDIATION_COMPLETE.md","WORKING_OR_THREAD_ARTIFACT","01-FOUNDATIONS","01-FOUNDATIONS"
266,"_COMMUNICATION/team_70/TEAM_70_INTERNAL_WORK_PROCEDURE.md","WORKING_OR_THREAD_ARTIFACT","04-PROCEDURES","04-PROCEDURES"
267,"_COMMUNICATION/team_70/TEAM_70_S001_P001_WP001_CANONICAL_EVIDENCE_CLOSURE_CHECK.md","WORKING_OR_THREAD_ARTIFACT","08-WORKING_VALIDATION_RECORDS","08-WORKING_VALIDATION_RECORDS"
268,"_COMMUNICATION/team_70/TEAM_70_S001_P001_WP001_GATE8_EXECUTIVE_SUMMARY_PROCESS.md","WORKING_OR_THREAD_ARTIFACT","04-PROCEDURES","04-PROCEDURES"
269,"_COMMUNICATION/team_70/TEAM_70_TO_ARCHITECT_DOC_MIGRATION_CUTOVER_GATE_FINAL_PASS.md","WORKING_OR_THREAD_ARTIFACT","09-OTHER_GOVERNANCE","08-WORKING_VALIDATION_RECORDS"
270,"_COMMUNICATION/team_70/TEAM_70_TO_TEAM_10_ADR_TEMPLATE_GOVERNANCE_INTEGRATION_COMPLETE.md","WORKING_OR_THREAD_ARTIFACT","06-TEMPLATES","06-TEMPLATES"
271,"_COMMUNICATION/team_70/TEAM_70_TO_TEAM_90_ADR_TEMPLATE_METADATA_ALIGNMENT_COMPLETE.md","WORKING_OR_THREAD_ARTIFACT","06-TEMPLATES","06-TEMPLATES"
272,"_COMMUNICATION/team_70/TEAM_70_TO_TEAM_90_S001_P001_WP001_GATE8_VALIDATION_REQUEST.md","WORKING_OR_THREAD_ARTIFACT","08-WORKING_VALIDATION_RECORDS","08-WORKING_VALIDATION_RECORDS"
273,"_COMMUNICATION/team_90/GOVERNANCE_SOURCE_MATRIX.md","WORKING_OR_THREAD_ARTIFACT","08-WORKING_VALIDATION_RECORDS","08-WORKING_VALIDATION_RECORDS"
274,"_COMMUNICATION/team_90/PHOENIX_DOCUMENTATION_GOVERNANCE_INDEX.md","WORKING_OR_THREAD_ARTIFACT","09-OTHER_GOVERNANCE","01-FOUNDATIONS"
275,"_COMMUNICATION/team_90/PHOENIX_GOVERNANCE_ALIGNMENT_PLAN.md","WORKING_OR_THREAD_ARTIFACT","09-OTHER_GOVERNANCE","01-FOUNDATIONS"
276,"_COMMUNICATION/team_90/SOP_010_MANUAL_INTENT_SIMULATION_PROTOCOL.md","WORKING_OR_THREAD_ARTIFACT","03-PROTOCOLS","03-PROTOCOLS"
277,"_COMMUNICATION/team_90/TEAM_190_ACTIVATION_PACKAGE_2026-02-18/01_anchors/ARCHITECT_DIRECTIVE_GOVERNANCE_STRENGTHENING.md","WORKING_OR_THREAD_ARTIFACT","07-DIRECTIVES_AND_DECISIONS","07-DIRECTIVES_AND_DECISIONS"
278,"_COMMUNICATION/team_90/TEAM_190_ACTIVATION_PACKAGE_2026-02-18/01_anchors/CANONICAL_GOVERNANCE_ANCHORS.md","WORKING_OR_THREAD_ARTIFACT","09-OTHER_GOVERNANCE","01-FOUNDATIONS"
279,"_COMMUNICATION/team_90/TEAM_190_ACTIVATION_PACKAGE_2026-02-18/03_governance/GOVERNANCE_SOURCE_MATRIX.md","WORKING_OR_THREAD_ARTIFACT","08-WORKING_VALIDATION_RECORDS","08-WORKING_VALIDATION_RECORDS"
280,"_COMMUNICATION/team_90/TEAM_190_ACTIVATION_PACKAGE_2026-02-18/05_taxonomy/ARTIFACT_TAXONOMY_REGISTRY_v1.3.1.md","WORKING_OR_THREAD_ARTIFACT","01-FOUNDATIONS","01-FOUNDATIONS"
281,"_COMMUNICATION/team_90/TEAM_190_ACTIVATION_PACKAGE_2026-02-18/06_gates/GATE_PROTOCOL_STACK_v1.3.1.md","WORKING_OR_THREAD_ARTIFACT","03-PROTOCOLS","03-PROTOCOLS"
282,"_COMMUNICATION/team_90/TEAM_190_ACTIVATION_PACKAGE_2026-02-18/06_gates/TT2_QUALITY_ASSURANCE_GATE_PROTOCOL.md","WORKING_OR_THREAD_ARTIFACT","03-PROTOCOLS","03-PROTOCOLS"
283,"_COMMUNICATION/team_90/TEAM_190_ACTIVATION_PACKAGE_2026-02-18/07_constitution/IRON_RULES_CONSTITUTION_DRAFT_v1.3.1.md","WORKING_OR_THREAD_ARTIFACT","01-FOUNDATIONS","01-FOUNDATIONS"
284,"_COMMUNICATION/team_90/TEAM_90_GOVERNANCE_ROLE_RESET_AND_ENFORCEMENT.md","WORKING_OR_THREAD_ARTIFACT","09-OTHER_GOVERNANCE","07-DIRECTIVES_AND_DECISIONS"
285,"_COMMUNICATION/team_90/TEAM_90_TO_ALL_TEAMS_SERVER_START_POLICY.md","WORKING_OR_THREAD_ARTIFACT","02-POLICIES","02-POLICIES"
286,"_COMMUNICATION/team_90/TEAM_90_TO_ALL_TEAMS_SOP_010_PROTOCOL_NOTICE.md","WORKING_OR_THREAD_ARTIFACT","03-PROTOCOLS","03-PROTOCOLS"
287,"_COMMUNICATION/team_90/TEAM_90_TO_ARCHITECT_GOV_DOC_CUTOVER_FINAL_CLOSURE_REPORT_TEMPLATE.md","WORKING_OR_THREAD_ARTIFACT","06-TEMPLATES","06-TEMPLATES"
288,"_COMMUNICATION/team_90/TEAM_90_TO_TEAM_10_ADR_TEMPLATE_LOCK_VALIDATION.md","WORKING_OR_THREAD_ARTIFACT","06-TEMPLATES","06-TEMPLATES"
289,"_COMMUNICATION/team_90/TEAM_90_TO_TEAM_10_DOCUMENTATION_MIGRATION_GATE_REVALIDATION_AFTER_ROLLBACK.md","WORKING_OR_THREAD_ARTIFACT","08-WORKING_VALIDATION_RECORDS","08-WORKING_VALIDATION_RECORDS"
290,"_COMMUNICATION/team_90/TEAM_90_TO_TEAM_10_DOCUMENTATION_MIGRATION_GATE_VALIDATION_REPORT.md","WORKING_OR_THREAD_ARTIFACT","08-WORKING_VALIDATION_RECORDS","08-WORKING_VALIDATION_RECORDS"
291,"_COMMUNICATION/team_90/TEAM_90_TO_TEAM_10_GATE_AUTHORITY_ALIGNMENT_DECISION_LOCK.md","WORKING_OR_THREAD_ARTIFACT","07-DIRECTIVES_AND_DECISIONS","07-DIRECTIVES_AND_DECISIONS"
292,"_COMMUNICATION/team_90/TEAM_90_TO_TEAM_10_MB3A_ALERTS_GATE_B_PASS.md","WORKING_OR_THREAD_ARTIFACT","09-OTHER_GOVERNANCE","08-WORKING_VALIDATION_RECORDS"
293,"_COMMUNICATION/team_90/TEAM_90_TO_TEAM_10_MB3A_NOTES_GATE_B_PASS.md","WORKING_OR_THREAD_ARTIFACT","09-OTHER_GOVERNANCE","08-WORKING_VALIDATION_RECORDS"
294,"_COMMUNICATION/team_90/TEAM_90_TO_TEAM_10_MINI_BATCH_NOTES_ALERTS_MANDATE.md","WORKING_OR_THREAD_ARTIFACT","07-DIRECTIVES_AND_DECISIONS","07-DIRECTIVES_AND_DECISIONS"
295,"_COMMUNICATION/team_90/TEAM_90_TO_TEAM_10_S001_P001_WP001_GATE8_VALIDATION_REPORT.md","WORKING_OR_THREAD_ARTIFACT","08-WORKING_VALIDATION_RECORDS","08-WORKING_VALIDATION_RECORDS"
296,"_COMMUNICATION/team_90/TEAM_90_TO_TEAM_170_GATE5_EXECUTION_SUBMISSION_ROLE_CORRECTION_REQUEST.md","WORKING_OR_THREAD_ARTIFACT","08-WORKING_VALIDATION_RECORDS","08-WORKING_VALIDATION_RECORDS"
297,"_COMMUNICATION/team_90/TEAM_90_TO_TEAM_70_CUTOVER_EXECUTION_APPROVAL_AND_DIRECTIVE.md","WORKING_OR_THREAD_ARTIFACT","07-DIRECTIVES_AND_DECISIONS","07-DIRECTIVES_AND_DECISIONS"
298,"_COMMUNICATION/team_90/TEAM_90_TO_TEAM_70_DOCUMENTATION_MIGRATION_CORRECTION_DIRECTIVE.md","WORKING_OR_THREAD_ARTIFACT","07-DIRECTIVES_AND_DECISIONS","07-DIRECTIVES_AND_DECISIONS"
299,"_COMMUNICATION/team_90/TEAM_90_TO_TEAM_70_MODEL_B_LOCKED_CORRECTION_DIRECTIVE.md","WORKING_OR_THREAD_ARTIFACT","07-DIRECTIVES_AND_DECISIONS","07-DIRECTIVES_AND_DECISIONS"
300,"_COMMUNICATION/team_90/TEAM_90_TO_TEAM_70_PHOENIX_DOCS_TREE_SKELETON_CORRECTION_DIRECTIVE.md","WORKING_OR_THREAD_ARTIFACT","07-DIRECTIVES_AND_DECISIONS","07-DIRECTIVES_AND_DECISIONS"
301,"_COMMUNICATION/team_90/TEAM_90_TO_TEAM_70_S001_P001_WP001_GATE8_ACTIVATION.md","WORKING_OR_THREAD_ARTIFACT","09-OTHER_GOVERNANCE","08-WORKING_VALIDATION_RECORDS"
302,"_COMMUNICATION/team_90/TEAM_90_TO_TEAM_70_S001_P001_WP001_GATE8_VALIDATION_RESPONSE.md","WORKING_OR_THREAD_ARTIFACT","08-WORKING_VALIDATION_RECORDS","08-WORKING_VALIDATION_RECORDS"
303,"_COMMUNICATION/team_90/TEAM_90_TO_TEAM_70_SKELETON_RECHECK_CORRECTION_DIRECTIVE_V2.md","WORKING_OR_THREAD_ARTIFACT","07-DIRECTIVES_AND_DECISIONS","07-DIRECTIVES_AND_DECISIONS"
304,"agents_os/docs-governance/AOS_workpack/AOS_WORKSPACE_PROTOCOL_v1.0.0.md","DOMAIN_CANONICAL_RETAIN","03-PROTOCOLS","03-PROTOCOLS"
305,"documentation/docs-governance/00-FOUNDATIONS/00_DOCUMENTATION_STANDARDS_INDEX.md","CANONICAL_RETAIN","09-OTHER_GOVERNANCE","01-FOUNDATIONS"
306,"documentation/docs-governance/00-FOUNDATIONS/ADR_TEMPLATE_CANONICAL.md","CANONICAL_RETAIN","06-TEMPLATES","06-TEMPLATES"
307,"documentation/docs-governance/01-POLICIES/TT2_CSS_STANDARDS_PROTOCOL.md","CANONICAL_RETAIN","03-PROTOCOLS","03-PROTOCOLS"
308,"documentation/docs-governance/01-POLICIES/TT2_IMMUTABLE_LEDGER_POLICY.md","CANONICAL_RETAIN","02-POLICIES","02-POLICIES"
309,"documentation/docs-governance/01-POLICIES/TT2_JS_STANDARDS_PROTOCOL.md","CANONICAL_RETAIN","03-PROTOCOLS","03-PROTOCOLS"
310,"documentation/docs-governance/01-POLICIES/TT2_JUNIOR_ARCHITECT_CONTRACT.md","CANONICAL_RETAIN","05-CONTRACTS","05-CONTRACTS"
311,"documentation/docs-governance/01-POLICIES/TT2_VERSIONING_POLICY.md","CANONICAL_RETAIN","02-POLICIES","02-POLICIES"
312,"documentation/docs-governance/02-PROCEDURES/TEAM_30_FRONTEND_STANDARDS_QA_PROCEDURE.md","CANONICAL_RETAIN","04-PROCEDURES","04-PROCEDURES"
313,"documentation/docs-governance/02-PROCEDURES/TT2_ACTION_AUDIT_PROTOCOL.md","CANONICAL_RETAIN","03-PROTOCOLS","03-PROTOCOLS"
314,"documentation/docs-governance/02-PROCEDURES/TT2_ARCHITECT_DECISION_TEMPLATE_PROCEDURE.md","CANONICAL_RETAIN","04-PROCEDURES","04-PROCEDURES"
315,"documentation/docs-governance/02-PROCEDURES/TT2_BLUEPRINT_INTEGRATION_WORKFLOW.md","CANONICAL_RETAIN","04-PROCEDURES","04-PROCEDURES"
316,"documentation/docs-governance/02-PROCEDURES/TT2_CUBE_DEFINITION_TEMPLATE.md","CANONICAL_RETAIN","06-TEMPLATES","06-TEMPLATES"
317,"documentation/docs-governance/02-PROCEDURES/TT2_KNOWLEDGE_PROMOTION_PROTOCOL.md","CANONICAL_RETAIN","03-PROTOCOLS","03-PROTOCOLS"
318,"documentation/docs-governance/02-PROCEDURES/TT2_OUTPUT_INTEGRATION_PROTOCOL.md","CANONICAL_RETAIN","03-PROTOCOLS","03-PROTOCOLS"
319,"documentation/docs-governance/02-PROCEDURES/TT2_QA_SEED_USER_PROCEDURE.md","CANONICAL_RETAIN","04-PROCEDURES","04-PROCEDURES"
320,"documentation/docs-governance/02-PROCEDURES/TT2_QUALITY_ASSURANCE_GATE_PROTOCOL.md","CANONICAL_RETAIN","03-PROTOCOLS","03-PROTOCOLS"
321,"documentation/docs-governance/02-PROCEDURES/TT2_SESSION_TRANSITION_PROTOCOL.md","CANONICAL_RETAIN","03-PROTOCOLS","03-PROTOCOLS"
322,"documentation/docs-governance/02-PROCEDURES/TT2_TEAM_50_DEFECT_REPORTING_PROCEDURE.md","CANONICAL_RETAIN","04-PROCEDURES","04-PROCEDURES"
323,"documentation/docs-governance/02-PROCEDURES/TT2_TEAM_MANAGEMENT_TEMPLATES.md","CANONICAL_RETAIN","06-TEMPLATES","06-TEMPLATES"
324,"documentation/docs-governance/02-PROCEDURES/TT2_TEST_DATA_REFRESH_PROCEDURE.md","CANONICAL_RETAIN","04-PROCEDURES","04-PROCEDURES"
325,"documentation/docs-governance/02-PROCEDURES/TT2_UI_DIGGING_PROCEDURE.md","CANONICAL_RETAIN","04-PROCEDURES","04-PROCEDURES"
326,"documentation/docs-governance/02-PROCEDURES/TT2_VERSIONING_PROCEDURE.md","CANONICAL_RETAIN","04-PROCEDURES","04-PROCEDURES"
327,"documentation/docs-governance/06-CONTRACTS/SSOT_AUTH_CONTRACT.md","CANONICAL_RETAIN","05-CONTRACTS","05-CONTRACTS"
328,"documentation/docs-governance/09-GOVERNANCE/standards/ARCHITECT_POLICY_HYBRID_SCRIPTS.md","CANONICAL_RETAIN","02-POLICIES","02-POLICIES"
329,"documentation/docs-governance/09-GOVERNANCE/standards/CURSOR_INTERNAL_PLAYBOOK.md","CANONICAL_RETAIN","09-OTHER_GOVERNANCE","01-FOUNDATIONS"
330,"documentation/docs-governance/09-GOVERNANCE/standards/PHOENIX_MASTER_BIBLE.md","CANONICAL_RETAIN","01-FOUNDATIONS","01-FOUNDATIONS"
331,"documentation/docs-governance/09-GOVERNANCE/standards/TEAM_50_QA_REPORT_TEMPLATE.md","CANONICAL_RETAIN","06-TEMPLATES","06-TEMPLATES"
332,"documentation/docs-governance/09-GOVERNANCE/standards/TEAM_50_QA_WORKFLOW_PROTOCOL.md","CANONICAL_RETAIN","03-PROTOCOLS","03-PROTOCOLS"
333,"documentation/docs-governance/09-GOVERNANCE/standards/TT2_DESIGN_FIDELITY_FIX_PROTOCOL.md","CANONICAL_RETAIN","03-PROTOCOLS","03-PROTOCOLS"
334,"documentation/docs-system/01-ARCHITECTURE/LOGIC/WP_20_07_C_ADMIN_DUPLICATE_EMAIL_PHONE_POLICY.md","REVIEW_REQUIRED","02-POLICIES","02-POLICIES"
335,"documentation/docs-system/01-ARCHITECTURE/LOGIC/WP_20_09_C_FIELD_MAP_PLAYBOOKS.md","REVIEW_REQUIRED","09-OTHER_GOVERNANCE","01-FOUNDATIONS"
336,"documentation/docs-system/01-ARCHITECTURE/LOGIC/WP_20_09_FIELD_MAP_PLAYBOOKS.md","REVIEW_REQUIRED","09-OTHER_GOVERNANCE","01-FOUNDATIONS"
337,"documentation/docs-system/01-ARCHITECTURE/PRECISION_POLICY_SSOT.md","REVIEW_REQUIRED","02-POLICIES","02-POLICIES"
338,"documentation/docs-system/01-ARCHITECTURE/TT2_PDSC_BOUNDARY_CONTRACT.md","REVIEW_REQUIRED","05-CONTRACTS","05-CONTRACTS"
339,"documentation/docs-system/01-ARCHITECTURE/TT2_PHASE_2_ALL_TEAMS_MANDATE.md","REVIEW_REQUIRED","07-DIRECTIVES_AND_DECISIONS","07-DIRECTIVES_AND_DECISIONS"
340,"documentation/docs-system/01-ARCHITECTURE/TT2_UAI_CONFIG_CONTRACT.md","REVIEW_REQUIRED","05-CONTRACTS","05-CONTRACTS"
341,"documentation/docs-system/02-SERVER/ADR_015_GOVERNANCE_MESSAGE_SSOT.md","REVIEW_REQUIRED","09-OTHER_GOVERNANCE","07-DIRECTIVES_AND_DECISIONS"
